idSport;Session;date;debut;details;fin;idLieu
13;OOC01;26/07/2024;20:00:00;Cérémonie d'ouverture;23:15:00;20
13;OOC01;11/08/2024;20:00:00;Cérémonie de clôture;23:15:00;24
1;ATH01;01/08/2024;07:30:00;"20 km marche - hommes, finale
20 km marche - femmes, finale";11:05:00;37
1;ATH02;02/08/2024;10:00;"Décathlon - 100 m, hommes
Lancer de marteau - hommes, qualifications
Saut en hauteur - femmes, qualifications
100 m - femmes, tour préliminaire
Décathlon - saut en longueur, hommes
1 500 m - hommes, 1er tour
100 m - femmes, 1er tour
Décathlon - lancer de poids, hommes";13:00;24
1;ATH03;02/08/2024;17:40:00;"Décathlon - saut en hauteur, hommes
5 000 m - femmes, 1er tour
Triple saut - femmes, qualifications
Lancer de disque - femmes, qualifications
Relais 4 x 400 m - mixte, 1er tour
800 m - femmes, 1er tour
Lancer de poids - hommes, qualifications
Décathlon - 400 m, hommes
10 000 m - hommes, finale";22:00;24
1;ATH04;03/08/2024;10:00;"Décathlon - 110 m haies, hommes
Saut à la perche - hommes, qualifications
100 m - hommes, tour préliminaire
Décathlon - lancer de disque, hommes
800 m - femmes, Repêchages
100 m - hommes, 1er tour
Décathlon - saut à la perche, hommes";16:00;24
1;ATH05;03/08/2024;19:00;"1 500 m - hommes, Repêchages
Lancer de poids - hommes, finale
100 m - femmes, demi-finales
Décathlon - lancer de javelot, hommes
Triple saut - femmes, finale
Relais 4 x 400 m - mixte, finale
100 m - femmes, finale
Décathlon - 1 500 m, hommes";22:00;24
1;ATH06;04/08/2024;10:00;"3 000 m steeple - femmes, 1er tour
Lancer de marteau - femmes, qualifications
200 m - femmes, 1er tour
Saut en longueur - hommes, qualifications
110 m haies - hommes, 1er tour
400 m haies - femmes, 1er tour
110 m haies - hommes, 1er tour";13:15:00;24
1;ATH07;04/08/2024;18:30:00;"400 m - hommes, 1er tour
Saut en hauteur - femmes, finale
100 m - hommes, demi-finales
Lancer de marteau - hommes, finale
800 m - femmes, demi-finales
1 500 m - hommes, demi-finales
100 m - hommes, finale";22:00;24
1;ATH08;05/08/2024;10:00;"400 m haies - hommes, 1er tour
Lancer de disque - hommes, qualifications
Saut à la perche - femmes, qualifications
400 m haies - femmes, Repêchages
400 m - hommes, Repêchages
400 m - femmes, 1er tour
200 m - femmes, Repechages";13:15:00;24
1;ATH09;05/08/2024;18:30:00;"Saut à la perche - hommes, finale
3 000 m steeple - hommes, 1er tour
200 m - hommes, 1er tour
Lancer de disque - femmes, finale
200 m - femmes, demi-finales
5 000 m - femmes, finale
800 m - femmes, finale";22:00;24
1;ATH10;06/08/2024;10:00;"1 500 m - femmes, 1er tour
Lancer de javelot - hommes, qualifications
110 m haies - hommes, Repêchages
Saut en longueur - femmes, qualifications
400 m - femmes, Repêchages
400 m haies - hommes, Repêchages
200 m - hommes, Repêchages";13:00;24
1;ATH11;06/08/2024;19:00;"400 m - hommes, demi-finales
Lancer de marteau - femmes, finale
400 m haies - femmes, demi-finales
Saut en longueur - hommes, finale
1 500 m - hommes, finale
3 000 m steeplechase - femmes, finale
200 m - femmes, finale";22:00;24
1;ATH12;07/08/2024;07:30:00;Marche sur un marathon en relais mixte;10:50:00;37
1;ATH13;07/08/2024;10:00;"Saut en hauteur - hommes, qualifications
100 m haies - femmes, 1er tour
Lancer de javelot - femmes, qualifications
5 000 m - hommes, 1er tour
800 m - hommes, 1er tour
1 500 m - femmes, R";13:05:00;24
1;ATH14;07/08/2024;18:30:00;"Saut à la perche - femmes, finale
110 m haies - hommes, demi-finales
Triple saut - hommes, qualifications
400 m haies - hommes, demi-finales
200 m - hommes, demi-finales
Lancer de disque - hommes, finale
400 m - femmes, demi-finales
400 m - hommes, finale
3 000 m steeple - hommes, finale";22:00;24
1;ATH15;08/08/2024;10:00;"Heptathlon - 100 m haies, femmes
Lancer de poids - femmes, qualifications
100 m haies - femmes, Repêchages
Heptathlon - saut en hauteur, femmes
Relais 4 x 100 m - femmes, 1er tour
Relais 4 x 100 m - hommes, 1er tour
800 m - hommes, Repêchages";13:00;24
1;ATH16;08/08/2024;19:00;"Heptathlon - lancer de poids, femmes
1 500 m - femmes, demi-finales
Saut en longueur - femmes, finale
Lancer de javelot - hommes, finale
200 m - hommes, finale
Heptathlon - 200 m, femmes
400 m haies - femmes, finale
110 m haies - hommes, finale";22:00;24
1;ATH17;09/08/2024;10:00;"Heptathlon - saut en longueur, femmes
Relais 4 x 400 m - femmes, 1er tour
Relais 4 x 400 m - hommes, 1er tour
Heptathlon - lancer de javelot, femmes
800 m - hommes, demi-finales
100 m haies - femmes, demi-finales";13:15:00;24
1;ATH18;09/08/2024;19:00;"Relais 4 x 100 m - femmes, finale
Lancer de poids - femmes, finale
Relais 4 x 100 m - hommes, finale
400 m - femmes, finale
Triple saut - hommes, finale
Heptathlon - 800 m, femmes
10 000 m - femmes, finale
400 m haies - hommes, finale";22:30:00;24
1;ATH19;10/08/2024;08:00;Marathon - hommes, finale;11:00;13
1;ATH20;10/08/2024;18:30:00;"Saut en hauteur - hommes, finale
800 m - hommes, finale
Lancer de javelot - femmes, finale
100 m haies - femmes, finale
5 000 m - hommes, finale
1 500 m - femmes, finale
Relais 4 x 400 m - hommes, finale
Relais 4 x 400 m - femmes, finale";22:30:00;24
1;ATH21;11/08/2024;08:00;Marathon - femmes, finale;11:15:00;13
2;ROW01;27/07/2024;09:00;"Skiff - hommes, éliminatoires
Skiff - femmes, éliminatoires
Deux de couple - hommes, éliminatoires
Deux de couple - femmes, éliminatoires
Quatre de couple - hommes, éliminatoires
Quatre de couple - femmes, éliminatoires";13:10:00;30
2;ROW02;28/07/2024;09:00;"Skiff - femmes, repêchages
Skiff - hommes, repêchages
Deux de couple - femmes, repêchage
Deux de couple - hommes, repêchage
Deux de pointe sans barreur - femmes, éliminatoires
Deux de pointe sans barreur - hommes, éliminatoires
Deux de couple poids léger - femmes, éliminatoires
Deux de couple poids léger - hommes, éliminatoires
Quatre de pointe sans barreur - femmes, éliminatoires
Quatre de pointe sans barreur - hommes, éliminatoires";13:10:00;30
2;ROW03;29/07/2024;09:30:00;"Skiff - hommes, demi-finales E/F
Skiff - femmes, demi-finales E/F
Deux de pointe sans barreur - hommes, repêchage
Deux de pointe sans barreur - femmes, repêchage
Deux de couple poids léger - hommes, repêchages
Deux de couple poids léger - femmes, repêchages
Quatre de couple - hommes, repêchage
Quatre de couple - femmes, repêchage
Huit de pointe avec barreur - hommes, éliminatoires
Huit de pointe avec barreur - femmes, éliminatoires";12:20:00;30
2;ROW04;30/07/2024;09:30:00;"Skiff - femmes, quarts de finale 
Skiff - hommes, quarts de finale 
Deux de couple - femmes, demi-finales
Deux de couple - hommes, demi-finales
Quatre de pointe sans barreur - femmes, repêchage
Quatre de pointe sans barreur - hommes, repêchage";11:50:00;30
2;ROW05;31/07/2024;09:30:00;"Deux de couple poids léger - femmes, finale C
Deux de couple poids léger - hommes, finale C
Skiff - hommes, demi-finales C/D
Skiff - femmes, demi-finales C/D
Deux de pointe sans barreur - hommes, demi-finales
Deux de pointe sans barreur - femmes, demi-finales
Deux de couple poids léger - hommes, demi-finales
Deux de couple poids léger - femmes, demi-finales
Quatre de couple - hommes, finale B
Quatre de couple - femmes, finale B
Quatre de couple - hommes, finale A
Quatre de couple - femmes, finale A";13:10:00;30
2;ROW06;01/08/2024;09:30:00;"Skiff - femmes, demi-finales A/B 
Skiff - hommes, demi-finales A/B 
Huit de pointe avec barreur - femmes, repêchage
Huit de pointe avec barreur - hommes, repêchage
Deux de couple - femmes, finale B
Deux de couple - hommes, finale B
Quatre de pointe sans barreur - femmes, finale B
Quatre de pointe sans barreur - hommes, finale B
Deux de couple - femmes, finale A
Deux de couple - hommes, finale A
Quatre de pointe sans barreur - femmes, finale A
Quatre de pointe sans barreur - hommes, finale A";12:40:00;30
2;ROW07;02/08/2024;09:30:00;"Skiff - hommes, finale F
Skiff - femmes, finale F
Skiff - hommes, finale E
Skiff - femmes, finale E
Skiff - hommes, finale D
Skiff - femmes, finale D
Deux de pointe sans barreur - hommes, finale B 
Deux de pointe sans barreur - femmes, finale B 
Deux de couple poids léger - hommes, finale B
Deux de couple poids léger - femmes, finale B
Deux de pointe sans barreur - hommes, finale A
Deux de pointe sans barreur - femmes, finale A
Deux de couple poids léger - hommes, finale A
Deux de couple poids léger - femmes, finale A";12:50:00;30
2;ROW08;03/08/2024;09:30:00;"Skiff - femmes, finale C
Skiff - hommes, finale C
Skiff - femmes, finale B
Skiff - hommes, finale B
Skiff - femmes, finale A 
Skiff - hommes, finale A 
Huit de pointe avec barreur - femmes, finale A
Huit de pointe avec barreur - hommes, finale A";11:40:00;30
3;BDM01;27/07/2024;08:30:00;"Double mixte, poules préliminaires
Simple femmes, poules préliminaires
Double hommes, poules préliminaires
Double femmes, poules préliminaires
Simple hommes, poules préliminaires";12:00;5
3;BDM02;27/07/2024;14:00;"Double mixte, poules préliminaires
Simple femmes, poules préliminaires
Double hommes, poules préliminaires
Double femmes, poules préliminaires
Simple hommes, poules préliminaires";17:30:00;5
3;BDM03;27/07/2024;19:30:00;"Simple femmes, poules préliminaires
Double hommes, poules préliminaires
Double femmes, poules préliminaires
Simple hommes, poules préliminaires";23:00;5
3;BDM04;28/07/2024;08:30:00;"Double mixte, poules préliminaires
Simple femmes, poules préliminaires
Double hommes, poules préliminaires
Double femmes, poules préliminaires
Simple hommes, poules préliminaires";12:00;5
3;BDM05;28/07/2024;14:00;"Double mixte, poules préliminaires
Double femmes, poules préliminaires
Double hommes, poules préliminaires
Simple femmes, poules préliminaires
Simple hommes, poules préliminaires";17:30:00;5
3;BDM06;28/07/2024;19:30:00;"Double mixte, poules préliminaires
Double hommes, poules préliminaires
Simple femmes, poules préliminaires
Double femmes, poules préliminaires
Simple hommes, poules préliminaires";23:00;5
3;BDM07;29/07/2024;08:30:00;"Double mixte, poules préliminaires
Double hommes, poules préliminaires
Simple femmes, poules préliminaires
Double femmes, poules préliminaires
Simple hommes, poules préliminaires";12:00;5
3;BDM08;29/07/2024;14:00;"Double mixte, poules préliminaires
Double femmes, poules préliminaires
Double hommes, poules préliminaires
Simple femmes, poules préliminaires
Simple hommes, poules préliminaires";17:30:00;5
3;BDM09;29/07/2024;19:30:00;"Double mixte, poules préliminaires
Simple femmes, poules préliminaires
Double hommes, poules préliminaires
Double femmes, poules préliminaires
Simple hommes, poules préliminaires";23:00;5
3;BDM10;30/07/2024;08:30:00;"Simple femmes, poules préliminaires
Double hommes, poules préliminaires
Double femmes, poules préliminaires
Simple hommes, poules préliminaires";12:00;5
3;BDM11;30/07/2024;14:00;"Double hommes, poules préliminaires
Double femmes, poules préliminaires
Simple femmes, poules préliminaires
Simple hommes, poules préliminaires";17:30:00;5
3;BDM12;30/07/2024;19:30:00;"Simple femmes, poules préliminaires
Double hommes, poules préliminaires
Double femmes, poules préliminaires
Simple hommes, poules préliminaires";23:00;5
3;BDM13;31/07/2024;08:30:00;"Simple femmes, poules préliminaires
Simple hommes, poules préliminaires";12:00;5
3;BDM14;31/07/2024;14:00;"Simple femmes, poules préliminaires
Simple hommes, poules préliminaires";17:30:00;5
3;BDM15;31/07/2024;19:30:00;"Simple femmes, poules préliminaires
Simple hommes, poules préliminaires
Double mixte, quarts de finale";23:00;5
3;BDM16;01/08/2024;08:30:00;"Double femmes, quarts de finale
Simple hommes, 8e de finale";11:00;5
3;BDM17;01/08/2024;13:00;"Double hommes, quarts de finale
Simple hommes, 8e de finale";16:30:00;5
3;BDM18;01/08/2024;18:30:00;"Simple femmes, 8e de finale
Double mixte, demi-finale";22:00;5
3;BDM19;02/08/2024;08:30:00;"Double femmes, demi-finale
Double hommes, demi-finale";13:00;5
3;BDM20;02/08/2024;15:00;"Double mixte, match bronze
Double mixte, match or
Simple hommes, quarts de finale";22:30:00;5
3;BDM21;03/08/2024;08:30:00;Simple femmes, quarts de finale;13:00;5
3;BDM22;03/08/2024;15:00;"Double femmes, match bronze
Double femmes, match or";17:30:00;5
3;BDM23;04/08/2024;08:30:00;"Simple femmes, demi-finales
Simple hommes, demi-finales";13:00;5
3;BDM24;04/08/2024;15:00;"Double hommes, match bronze
Double hommes, match or";17:30:00;5
3;BDM25;05/08/2024;09:45:00;"Simple femmes, match bronze
Simple femmes, match or";12:30:00;5
3;BDM26;05/08/2024;14:30:00;"Simple hommes, match bronze
Simple hommes, match or";17:30:00;5
5;BKB01;27/07/2024;11:00;Hommes, tour préliminaire (2 matchs);15:15:00;32
5;BKB02;27/07/2024;17:15:00;Hommes, tour préliminaire;19:00;32
5;BKB03;27/07/2024;21:00;Hommes, tour préliminaire ;22:45:00;32
5;BKB04;28/07/2024;11:00;Hommes ou Femmes, tour préliminaire (2 matchs);15:15:00;32
5;BKB05;28/07/2024;17:15:00;Hommes ou Femmes, tour préliminaire ;19:00;32
5;BKB06;28/07/2024;21:00;Hommes ou Femmes, tour préliminaire ;22:45:00;32
5;BKB07;29/07/2024;11:00;Femmes, tour préliminaire (2 matchs);15:15:00;32
5;BKB08;29/07/2024;17:15:00;Femmes, tour préliminaire ;19:00;32
5;BKB09;29/07/2024;21:00;Femmes, tour préliminaire;22:45:00;32
5;BKB10;30/07/2024;11:00;Hommes, tour préliminaire (2 matchs);15:15:00;32
5;BKB11;30/07/2024;17:15:00;Hommes, tour préliminaire;19:00;32
5;BKB12;30/07/2024;21:00;Hommes, tour préliminaire;22:45:00;32
5;BKB13;31/07/2024;11:00;Hommes ou Femmes, tour préliminaire (2 matchs);15:15:00;32
5;BKB14;31/07/2024;17:15:00;Hommes ou Femmes, tour préliminaire;19:00;32
5;BKB15;31/07/2024;21:00;Hommes ou Femmes, tour préliminaire;22:45:00;32
5;BKB16;01/08/2024;11:00;Femmes, tour préliminaire (2 matchs);15:15:00;32
5;BKB17;01/08/2024;17:15:00;Femmes, tour préliminaire;19:00;32
5;BKB18;01/08/2024;21:00;Femmes, tour préliminaire;22:45:00;32
5;BKB19;02/08/2024;11:00;Hommes, tour préliminaire (2 matchs);15:15:00;32
5;BKB20;02/08/2024;17:15:00;Hommes, tour préliminaire;19:00;32
5;BKB21;02/08/2024;21:00;Hommes, tour préliminaire;22:45:00;32
5;BKB22;03/08/2024;11:00;Hommes ou Femmes, tour préliminaire (2 matchs);15:15:00;32
5;BKB23;03/08/2024;17:15:00;Hommes, tour préliminaire;19:00;32
5;BKB24;03/08/2024;21:00;Hommes ou Femmes, tour préliminaire;22:45:00;32
5;BKB25;04/08/2024;11:00;Femmes, tour préliminaire (2 matchs);15:15:00;32
5;BKB26;04/08/2024;17:15:00;Femmes, tour préliminaire;19:00;32
5;BKB27;04/08/2024;21:00;Femmes, tour préliminaire;22:45:00;32
5;BKB28;06/08/2024;11:00;Hommes, quart de finale;13:00;1
5;BKB29;06/08/2024;14:30:00;Hommes, quart de finale;16:30:00;1
5;BKB30;06/08/2024;18:00;Hommes, quart de finale;20:00;1
5;BKB31;06/08/2024;21:30:00;Hommes, quart de finale;23:30:00;1
5;BKB32;07/08/2024;11:00;Femmes, quart de finale;13:00;1
5;BKB33;07/08/2024;14:30:00;Femmes, quart de finale;16:30:00;1
5;BKB34;07/08/2024;18:00;Femmes, quart de finale;20:00;1
5;BKB35;07/08/2024;21:30:00;Femmes, quart de finale;23:30:00;1
5;BKB36;08/08/2024;17:30:00;Hommes, demi-finale;19:30:00;1
5;BKB37;08/08/2024;21:00;Hommes, demi-finale;23:00;1
5;BKB38;09/08/2024;17:30:00;Femmes, demi-finale;19:30:00;1
5;BKB39;09/08/2024;21:00;Femmes, demi-finale;23:00;1
5;BKB40;10/08/2024;11:00;Hommes, match pour la médaille de bronze;13:00;1
5;BKB41;10/08/2024;21:30:00;Hommes, match pour la médaille d'or;00:00;1
5;BKB42;11/08/2024;11:30:00;Femmes, match pour la médaille de bronze;13:30:00;1
5;BKB43;11/08/2024;15:30:00;Femmes, match pour la médaille d'or;18:00;1
6;BK301;30/07/2024;17:30:00;"Femmes, matches de poule (2 matchs)
Hommes, matches de poule (2 matchs)";19:30:00;10
6;BK302;30/07/2024;21:00;"Femmes, matches de poule (2 matchs)
Hommes, matches de poule (2 matchs)";23:00;10
6;BK303;31/07/2024;17:30:00;"Femmes, matches de poule (2 matchs)
Hommes, matches de poule (2 matchs)";19:30:00;10
6;BK304;31/07/2024;21:00;"Femmes, matches de poule (2 matchs)
Hommes, matches de poule (2 matchs)";23:00;10
6;BK305;31/07/2024;09:00;"Femmes, matches de poule (2 matchs)
Hommes, matches de poule (2 matchs)";11:00;10
6;BK306;31/07/2024;12:30:00;"Femmes, matches de poule (2 matchs)
Hommes, matches de poule (2 matchs)";14:30:00;10
6;BK307;31/07/2024;18:00;"Femmes, matches de poule (2 matchs)
Hommes, matches de poule (2 matchs)";20:00;10
6;BK308;31/07/2024;21:30:00;"Femmes, matches de poule (2 matchs)
Hommes, matches de poule (2 matchs)";23:30:00;10
6;BK309;31/07/2024;09:00;"Femmes, matches de poule (2 matchs)
Hommes, matches de poule (2 matchs)";11:00;10
6;BK310;31/07/2024;12:30:00;"Femmes, matches de poule (2 matchs)
Hommes, matches de poule (2 matchs)";14:30:00;10
6;BK311;31/07/2024;17:30:00;"Femmes, matches de poule (2 matchs)
Hommes, matches de poule (2 matchs)";19:30:00;10
6;BK312;31/07/2024;21:00;"Femmes, matches de poule (2 matchs)
Hommes, matches de poule (2 matchs)";23:00;10
6;BK313;31/07/2024;17:30:00;Femmes, matches de poule (4 matchs);19:30:00;10
6;BK314;31/07/2024;21:30:00;Femmes, play in (2 matchs);22:30:00;10
6;BK315;31/07/2024;17:30:00;Hommes, matches de poule (4 matches);19:30:00;10
6;BK316;31/07/2024;21:30:00;Hommes, play in (2 matchs);22:30:00;10
6;BK317;31/07/2024;17:30:00;Femmes et hommes, demi-finales;19:30:00;10
6;BK318;31/07/2024;21:00;"Femmes, match pour la médaille de bronze
Hommes, match pour la médaille de bronze
Femmes, match pour la médaille d'or
Hommes, match pour la médaille d'or";23:20:00;10
6;VBV01;27/07/2024;14:00;Tour préliminaire - Femmes et hommes (2 matchs);16:00;34
6;VBV02;27/07/2024;18:00;Tour préliminaire - Femmes et hommes (2 matchs);20:00;34
6;VBV03;27/07/2024;22:00;Tour préliminaire - Femmes et hommes (2 matchs);00:00;34
6;VBV04;28/07/2024;09:00;Tour préliminaire - Femmes et hommes (4 matchs);13:00;34
6;VBV05;28/07/2024;15:00;Tour préliminaire - Femmes et hommes (3 matchs);18:00;34
6;VBV06;28/07/2024;20:00;Tour préliminaire - Femmes et hommes (3 matchs);23:00;34
6;VBV07;29/07/2024;09:00;Tour préliminaire - Femmes et hommes (4 matchs);13:00;34
6;VBV08;29/07/2024;15:00;Tour préliminaire - Femmes et hommes (3 matchs);18:00;34
6;VBV09;29/07/2024;20:00;Tour préliminaire - Femmes et hommes (3 matchs);23:00;34
6;VBV10;30/07/2024;09:00;Tour préliminaire - Femmes et hommes (4 matchs);13:00;34
6;VBV11;30/07/2024;15:00;Tour préliminaire - Femmes et hommes (3 matchs);18:00;34
6;VBV12;30/07/2024;20:00;Tour préliminaire - Femmes et hommes (3 matchs);23:00;34
6;VBV13;31/07/2024;09:00;Tour préliminaire - Femmes et hommes (4 matchs);13:00;34
6;VBV14;31/07/2024;15:00;Tour préliminaire - Femmes et hommes (3 matchs);18:00;34
6;VBV15;31/07/2024;20:00;Tour préliminaire - Femmes et hommes (3 matchs);23:00;34
6;VBV16;01/08/2024;09:00;Tour préliminaire - Femmes et hommes (4 matchs);13:00;34
6;VBV17;01/08/2024;15:00;Tour préliminaire - Femmes et hommes (3 matchs);18:00;34
6;VBV18;01/08/2024;20:00;Tour préliminaire - Femmes et hommes (3 matchs);23:00;34
6;VBV19;02/08/2024;09:00;Tour préliminaire - Femmes et hommes (4 matchs);13:00;34
6;VBV20;02/08/2024;15:00;Tour préliminaire - Femmes et hommes (3 matchs);18:00;34
6;VBV21;02/08/2024;20:00;Tour préliminaire - Femmes et hommes (3 matchs);23:00;34
6;VBV22;03/08/2024;09:00;Tour préliminaire - Femmes et hommes (4 matchs);13:00;34
6;VBV23;03/08/2024;16:00;"Tour préliminaire - Femmes et hommes (2 matchs)
Lucky Loser - Femmes ou hommes (1 match)";19:00;34
6;VBV24;03/08/2024;21:00;Lucky Losers - Femmes et hommes (3 matchs);00:00;34
6;VBV25;04/08/2024;09:00;8e de finale - Femmes et hommes (2 matchs);11:00;34
6;VBV26;04/08/2024;13:00;8e de finale - Femmes et hommes (2 matchs);15:00;34
6;VBV27;04/08/2024;17:00;8e de finale - Femmes et hommes (2 matchs);19:00;34
6;VBV28;04/08/2024;21:00;8e de finale - Femmes et hommes (2 matchs);23:00;34
6;VBV29;05/08/2024;09:00;8e de finale - Femmes et hommes (2 matchs);11:00;34
6;VBV30;05/08/2024;13:00;8e de finale - Femmes et hommes (2 matchs);15:00;34
6;VBV31;05/08/2024;17:00;8e de finale - Femmes et hommes (2 matchs);19:00;34
6;VBV32;05/08/2024;21:00;8e de finale - Femmes et hommes (2 matchs);23:00;34
6;VBV33;06/08/2024;17:00;Quarts de finales - Femmes et hommes (2 matchs);19:00;34
6;VBV34;06/08/2024;21:00;Quarts de finales - Femmes et hommes (2 matchs);23:00;34
6;VBV35;07/08/2024;17:00;Quarts de finales - Femmes et hommes (2 matchs);19:00;34
6;VBV36;07/08/2024;21:00;Quarts de finales - Femmes et hommes (2 matchs);23:00;34
6;VBV37;08/08/2024;17:00;Demi-finales - Femmes et hommes (2 matchs);19:00;34
6;VBV38;08/08/2024;21:00;Demi-finales - Femmes et hommes (2 matchs);23:00;34
6;VBV39;09/08/2024;21:00;"Match pour la médaille de bronze - Femmes
Match pour la médaille d'or - Femmes";00:00;34
6;VBV40;10/08/2024;21:00;"Match pour la médaille de bronze - Hommes
Match pour la médaille d'or - Hommes";00:00;34
7;BMF01;30/07/2024;13:25:00;"Park - femmes, manche qualificative
Park - hommes, manche qualificative";16:30:00;10
7;BMF02;31/07/2024;13:10:00;"Park - femmes, finale
Park - hommes, finale";16:30:00;10
8;BMX01;01/08/2024;20:00;"Hommes, quarts de finale
Femmes, quarts de finale
Hommes, Last Chance
Femmes, Last Chance";22:20:00;22
8;BMX02;02/08/2024;20:00;"Hommes, demi-finales
Femmes, demi-finales
Hommes, finale
Femmes, finale";22:30:00;22
10;Box 24;06/08/2024;21:30:00;"71kg - Hommes, demi-finale, combat 17
71kg - Hommes, demi-finale, combat 18
50 kg - Femmes, demi-finale, combat 19
50 kg - Femmes, demi-finale, combat 20
66 kg - Femmes, demi-finale, combat 17
66 kg - Femmes, demi-finale, combat 18
60 kg - Femmes, finale combat 21
60kg - Femmes, cérémonie";23:30:00;33
10;BOX01;27/07/2024;15:30:00;"54kg - Femmes, 1/32 finale combat 1
54kg - Femmes, 1/32 finale combat 2
54kg - Femmes, 1/32 finale combat 3
60kg - Femmes, 1/32 finale combat 1
60kg - Femmes, 1/32 finale combat 2
60kg - Femmes, 1/32 finale combat 3
63.5kg - Hommes, 1/32 finale combat 1
63.5kg - Hommes, 1/32 finale combat 2
80kg - Hommes, 1/32 finale combat 1";17:55:00;3
10;BOX02;27/07/2024;20:00;"54kg - Femmes, 1/32 finale combat 4
54kg - Femmes, 1/32 finale combat 5
54kg - Femmes, 1/32 finale combat 6
60kg - Femmes, 1/32 finale combat 4
60kg - Femmes, 1/32 finale combat 5
60kg - Femmes, 1/32 finale combat 6
63.5kg - Hommes, 1/32 finale combat 3
63.5kg - Hommes, 1/32 finale combat 4
80kg - Hommes, 1/32 finale combat 2";22:25:00;3
10;BOX03;28/07/2024;11:00;"57kg - Hommes, 1/32 finale combat 1
71kg - Hommes, 1/32 finale, combat 1
71kg - Hommes, 1/32 finale, combat 2
92kg - Hommes, 1/16 finale, combat 1
92kg - Hommes, 1/16 finale, combat 2
50kg - Femmes, 1/32 finale combat 1
50kg - Femmes, 1/32 finale combat 2
66kg - Femmes, 1/32 finale combat 3";13:10:00;3
10;BOX04;28/07/2024;15:30:00;"57kg - Hommes, 1/32 finale combat 2
71kg - Hommes, 1/32 finale, combat 3
92kg - Hommes, 1/16 finale, combat 3
92kg - Hommes, 1/16 finale, combat 4
92kg - Hommes, 1/16 finale, combat 4
50kg - Femmes, 1/32 finale combat 3
50kg - Femmes, 1/32 finale combat 4
66kg - Femmes, 1/32 finale combat 2";17:40:00;3
10;BOX05;28/07/2024;20:00;"71kg - Hommes, 1/32 finale combat 4
92kg - Hommes, 1/16 finale, combat 6
92kg - Hommes, 1/16 finale, combat 7
92kg - Hommes, 1/16 finale, combat 8
50kg - Femmes, 1/32 finale combat 5
50kg - Femmes, 1/32 finale combat 6
66kg - Femmes, 1/32 finale combat 3
66kg - Femmes, 1/32 finale combat 4";22:10:00;3
10;BOX06;29/07/2024;11:00;"60kg - Femmes, 1/16 finale combat 7
60kg - Femmes, 1/16 finale combat 8
60kg - Femmes, 1/16 finale combat 9
63,5kg - Hommes, 1/16 finale combat 5
63,5kg - Hommes, 1/16 finale combat 6
63,5kg - Hommes, 1/16 finale combat 7
 +92kg - Hommes, 1/16 finale  combat 1
 +92kg - Hommes, 1/16 finale  combat 2";13:10:00;3
10;BOX07;29/07/2024;15:30:00;"60kg - Femmes, 1/16 finale combat 10
60kg - Femmes, 1/16 finale combat 11
63,5kg - Hommes, 1/16 finale combat 8
63,5kg - Hommes, 1/16 finale combat 9
63,5kg - Hommes, 1/16 finale combat 10
 +92kg - Hommes, 1/16 finale  combat 3
 +92kg - Hommes, 1/16 finale  combat 4
 +92kg - Hommes, 1/16 finale  combat 5";17:40:00;3
10;BOX08;29/07/2024;20:00;"60kg - Femmes, 1/16 finale combat 12
60kg - Femmes, 1/16 finale combat 13
60kg - Femmes, 1/16 finale combat 14
63,5kg - Hommes, 1/16 finale combat 11
63,5kg - Hommes, 1/16 finale combat 12
 +92kg - Hommes, 1/16 finale  combat 6
 +92kg - Hommes, 1/16 finale  combat 7
 +92kg - Hommes, 1/16 finale  combat 8";22:10:00;3
10;BOX09;30/07/2024;11:00;"51kg - Hommes, 1/16 finale combat 1
51kg - Hommes, 1/16 finale combat 2
51kg - Hommes, 1/16 finale combat 3
80kg - Hommes, 1/16 finale combat 3
80kg - Hommes, 1/16 finale combat 4
54kg - Femmes, 1/16 finale  combat 7
54kg - Femmes, 1/16 finale  combat 8
54kg - Femmes, 1/16 finale  combat 9
57kg - Femmes, 1/32 finale  combat 1
57kg - Femmes, 1/32 finale  combat 2";13:40:00;3
10;BOX10;30/07/2024;15:30:00;"51kg - Hommes, 1/16 finale combat 4
51kg - Hommes, 1/16 finale combat 5
51kg - Hommes, 1/16 finale combat 6
80kg - Hommes, 1/16 finale combat 5
80kg - Hommes, 1/16 finale combat 6
54kg - Femmes, 1/16 finale  combat 10
54kg - Femmes, 1/16 finale  combat 11
54kg - Femmes, 1/16 finale  combat 12
57kg - Femmes, 1/32 finale  combat 3
57kg - Femmes, 1/32 finale  combat 4";18:10:00;3
10;BOX11;30/07/2024;20:00;"51kg - Hommes, 1/16 finale combat 7
51kg - Hommes, 1/16 finale combat 8
80kg - Hommes, 1/16 finale combat 7
80kg - Hommes, 1/16 finale combat 8
80kg - Hommes, 1/16 finale combat 9
80kg - Hommes, 1/16 finale combat 10
54kg - Femmes, 1/16 finale  combat 13
54kg - Femmes, 1/32 finale  combat 5
54kg - Femmes, 1/32 finale  combat 6";22:40:00;3
10;BOX12;31/07/2024;11:00;"57kg - Hommes, 1/16 finale combat 3
57kg - Hommes, 1/16 finale combat 4
71kg - Hommes, 1/16 finale combat 5
71kg - Hommes, 1/16 finale combat 6
75kg - Femmes, 1/16 finale  combat 1
75kg - Femmes, 1/16 finale  combat 2
75kg - Femmes, 1/16 finale  combat 3
75kg - Femmes, 1/16 finale  combat 4
60kg - Femmes, quart de finale combat 15";13:25:00;3
10;BOX13;31/07/2024;15:30:00;"57kg - Hommes, 1/16 finale combat 5
57kg - Hommes, 1/16 finale combat 6
57kg - Hommes, 1/16 finale combat 7
71kg - Hommes, 1/16 finale combat 7
71kg - Hommes, 1/16 finale combat 8
71kg - Hommes, 1/16 finale combat 9
75kg - Femmes, 1/16 finale  combat 5
75kg - Femmes, 1/16 finale  combat 6
60kg - Femmes, quart de finale combat 16
60kg - Femmes, quart de finale combat 17";18:10:00;3
10;BOX14;31/07/2024;20:00;"57kg - Hommes, 1/16 finale combat 8
57kg - Hommes, 1/16 finale combat 9
57kg - Hommes, 1/16 finale combat 10
71kg - Hommes, 1/16 finale combat 10
71kg - Hommes, 1/16 finale combat 11
71kg - Hommes, 1/16 finale combat 12
75kg - Femmes, 1/16 finale  combat 9
75kg - Femmes, 1/16 finale  combat 10
60kg - Hommes quart de finale combat 18";22:25:00;3
10;BOX15;01/08/2024;11:00;"50kg - Femmes, 1/16 finale combat 7
50kg - Femmes, 1/16 finale combat 8
50kg - Femmes, 1/16 finale combat 9
66kg - Femmes, 1/16 finale combat 5
66kg - Femmes, 1/16 finale combat 6
66kg - Femmes, 1/16 finale combat 7
54kg - Femmes, quart de finale combat 15
63,5kg - Hommes quart de finale combat 13
92kg - Hommes quart de finale combat 9";13:25:00;3
10;BOX16;01/08/2024;15:30:00;"50kg - Femmes, 1/16 finale combat 10
50kg - Femmes, 1/16 finale combat 11
50kg - Femmes, 1/16 finale combat 12
66kg - Femmes, 1/16 finale combat 8
66kg - Femmes, 1/16 finale combat 9
66kg - Femmes, 1/16 finale combat 10
54kg - Femmes, quart de finale combat 16
54kg - Femmes, quart de finale combat 17
92kg - Hommes quart de finale combat 11
63,5kg - Hommes quart de finale combat 14
92kg - Hommes quart de finale combat 10";18:10:00;3
10;BOX17;01/08/2024;20:00;"50kg - Femmes, 1/16 finale combat 13 
50kg - Femmes, 1/16 finale combat 14
66kg - Femmes, 1/16 finale combat 11
66kg - Femmes, 1/16 finale combat 12
54kg - Femmes, quart de finale combat 18
63,5kg - Hommes quart de finale combat 15
63,5kg - Hommes quart de finale combat 16
92kg - Hommes quart de finale combat 11
92kg - Hommes quart de finale combat 12";22:25:00;3
10;BOX18;02/08/2024;15:30:00;"57kg - Femmes, 1/16 finale combat 7
57kg - Femmes, 1/16 finale combat 8
57kg - Femmes, 1/16 finale combat 9
57kg - Femmes, 1/16 finale combat 10
51kg - Hommes quart de finale combat 9
51kg - Hommes quart de finale combat 10
80kg - Hommes quart de finale combat 11
80kg - Hommes quart de finale combat 12
 +92 kg- Hommes, quart de finale combat 9
 +92 kg- Hommes, quart de finale combat 10";18:10:00;3
10;BOX19;02/08/2024;20:00;"57kg - Femmes, 1/16 finale combat 11
57kg - Femmes, 1/16 finale combat 12
57kg - Femmes, 1/16 finale combat 13
57kg - Femmes, 1/16 finale combat 14
51kg - Hommes quart de finale combat 11
51kg - Hommes quart de finale combat 12
80kg - Hommes quart de finale combat 13
80kg - Hommes quart de finale combat 14
 +92 kg- Hommes, quart de finale combat 11
 +92 kg- Hommes, quart de finale combat 12";22:40:00;3
10;BOX20;03/08/2024;15:30:00;"57kg - Hommes, quart de finale, combat 11
57kg - Hommes, quart de finale, combat 12
71kg - Hommes, quart de finale, combat 13
71kg - Hommes, quart de finale, combat 14
50kg - Femmes, quart de finale, combat 15
50kg - Femmes, quart de finale, combat 16
66kg - femmes, quart de finale, combat 13
66kg - femmes, quart de finale, combat 14
60kg - femmes, quart de finale, combat 19";17:55:00;3
10;BOX21;03/08/2024;20:00;"57kg - Hommes, quart de finale, combat 13
57kg - Hommes, quart de finale, combat 14
71kg - Hommes, quart de finale, combat 15
71kg - Hommes, quart de finale, combat 16
50kg - Femmes, quart de finale, combat 17
50kg - Femmes, quart de finale, combat 18
66kg - femmes, quart de finale, combat 15
66kg - femmes, quart de finale, combat 16
60kg - femmes, quart de finale, combat 20";22:25:00;3
10;BOX22;04/08/2024;11:00;"57kg - femmes, quart de finale combat 15
57kg - femmes, quart de finale combat 16
75kg - femmes, quart de finale combat 9
75kg - femmes, quart de finale combat 10
54kg - femmes, demi-finale combat 19
51kg - hommes, demi-finale combat 13
63,5kg - hommes, demi-finale combat 17
80kg - hommes, demi-finale combat 15
92kg - hommes, demi-finale combat 13";13:25:00;3
10;BOX23;04/08/2024;15:30:00;"57kg - femmes, quart de finale combat 17
57kg - femmes, quart de finale combat 18
75kg - femmes, quart de finale combat 11
75kg - femmes, quart de finale combat 12
54kg - femmes, demi-finale combat 20
51kg - hommes, demi-finale combat 14
63,5kg - hommes, demi-finale combat 18
80kg - hommes, demi-finale combat 16
92kg - hommes, demi-finale combat 14";17:55:00;3
10;BOX25;07/08/2024;21:30:00;"57kg - femmes, demi-finale combat 19
57kg - femmes, demi-finale combat 20
 +92kg - hommes, demi-finale combat 13
 +92kg - hommes, demi-finale combat 14
63,5kg - hommes, finale combat 19
80kg - hommes, finale combat 17
63,5kg - hommes, cérémonie
80kg - hommes, cérémonie";23:30:00;33
10;BOX26;08/08/2024;21:30:00;"57kg - hommes, demi-finale combat 15
57kg - hommes, demi-finale combat 16
75kg - femmes, demi-finale combat 13
75kg - femmes, demi-finale combat 14
51kg - hommes, finale, combat 15
54kg - femmes, finale, combat 21";23:30:00;33
10;BOX27;09/08/2024;21:30:00;"71kg - hommes, finale combat 19
50kg - femmes, finale combat 21
71kg - hommes, cérémonie
92kg - hommes, finale combat 15
50kg - femmes, cérémonie
66kg - femmes, finale combat 19
92kg - hommes, cérémonie
66kg - femmes, cérémonie";23:30:00;33
10;BOX28;10/08/2024;21:30:00;"57kg - femmes, finale combat 21
57kg - hommes, finale combat 17
57kg - femmes, cérémonie
75kg - femmes, finale combat 15
57kg - hommes, cérémonie
 +92kg - hommes, finale combat 15
75kg - femmes, cérémonie
 +92kg - femmes, cérémonie";23:30:00;33
11;BKG01;09/08/2024;16:00;Femmes, qualifications;18:00;10
11;BKG02;09/08/2024;20:00;Femmes, finale;22:00;10
11;BKG03;10/08/2024;16:00;Hommes, qualifications;18:00;10
11;BKG04;10/08/2024;20:00;Hommes, finale;22:00;10
12;CSL01;27/07/2024;15:00;"Canoë - hommes, éliminatoires - manches 1 et 2
Kayak - femmes, éliminatoires - manches 1 et 2";19:10:00;31
12;CSL02;28/07/2024;15:30:00;"Kayak - femmes, demi-finale
Kayak - femmes, finale";18:50:00;31
12;CSL03;29/07/2024;15:30:00;"Canoë - hommes, demi-finale
Canoë - hommes, finale";18:30:00;31
12;CSL04;30/07/2024;15:00;"Canoë - femmes, éliminatoires - manches 1 et 2
Kayak - hommes, éliminatoires - manches 1 et 2";19:10:00;31
12;CSL05;31/07/2024;15:30:00;"Canoë - femmes, demi-finale
Canoë - femmes, finale";18:30:00;31
12;CSL06;01/08/2024;15:30:00;"Kayak - hommes, demi-finale
Kayak - hommes, finale";18:35:00;31
12;CSL07;03/08/2024;15:30:00;"Kayak Cross - femmes, contre-la-montre
Kayak Cross - hommes, contre-la-montre
Kayak Cross - femmes, Repêchage 1
Kayak Cross - hommes, Repêchage 1
Kayak Cross - femmes, Repêchage 2
Kayak Cross - hommes, Repêchage 2";19:15:00;31
12;CSL08;04/08/2024;15:30:00;"Kayak Cross - hommes, Eliminatoires
Kayak Cross - femmes, Eliminatoires";17:25:00;31
12;CSL09;05/08/2024;15:30:00;"Kayak Cross - femmes, quarts de finale
Kayak Cross - hommes, quarts de finale
Kayak Cross - femmes, demi-finales
Kayak Cross - hommes, demi-finales
Kayak Cross - femmes, petite finale
Kayak Cross - hommes, petite finale
Kayak Cross - femmes, finale
Kayak Cross - hommes, finale";17:30:00;31
12;CSP01;06/08/2024;09:30:00;"Kayak à quatre (K4) 500 m - femmes, éliminatoires
Kayak à quatre (K4) 500 m - hommes, éliminatoires
Canoë biplace (C2) 500 m - hommes, éliminatoires
Canoë biplace (C2) 500 m - femmes, éliminatoires
Kayak biplace (K2) 500 m - femmes, éliminatoires
Kayak biplace (K2) 500 m - hommes, éliminatoires
Canoë biplace (C2) 500 m - hommes, quarts de finale
Canoë biplace (C2) 500 m - femmes, quarts de finale
Kayak biplace (K2) 500 m - femmes, quarts de finale
Kayak biplace (K2) 500 m - hommes, quarts de finale";14:50:00;30
12;CSP02;07/08/2024;09:30:00;"Kayak monoplace (K1) 500 m - femmes, éliminatoires
Kayak monoplace (K1) 1 000 m - hommes, éliminatoires
Canoë monoplace (C1) 1 000 m - hommes, éliminatoires
Kayak monoplace (K1) 500m - femmes, quarts de finale
Kayak monoplace (K1) 1 000 m - hommes, quarts de finale
Canoë monoplace (C1) 1 000 m - hommes, quarts de finale";15:10:00;31
12;CSP03;08/08/2024;10:30:00;"Canoë monoplace (C1) 200 m - femmes, éliminatoires
Canoë biplace (C2) 500 m - hommes, demi-finales
Kayak à quatre (K4) 500 m - femmes, demi-finales
Kayak à quatre (K4) 500 m - hommes, demi-finales
Canoë monoplace (C1) 200 m - femmes, quarts de finale
Canoë biplace (C2) 500 m - hommes, finale B
Canoë biplace (C2) 500 m - hommes, finale A
Kayak à quatre (K4) 500 m - femmes, finale A
Kayak à quatre (K4) 500 m - hommes, finale A";14:30:00;31
12;CSP04;09/08/2024;10:30:00;"Canoë biplace (C2) 500 m - femmes, demi-finales
Kayak biplace (K2) 500 m - femmes, demi-finales
Kayak biplace (K2) 500 m - hommes, demi-finales
Canoë monoplace (C1) 1 000 m - hommes, demi-finales
Canoë biplace (C2) 500 m - femmes, finale B
Canoë biplace (C2) 500 m - femmes, finale A
Kayak biplace (K2) 500 m - femmes, finale B
Kayak biplace (K2) 500 m - femmes, finale A
Kayak biplace (K2) 500 m - hommes, finale B
Kayak biplace (K2) 500 m - hommes, finale A
Canoë monoplace (C1) 1 000 m - hommes,finale B
Canoë monoplace (C1) 1 000 m - hommes,finale A";14:40:00;31
12;CSP05;10/08/2024;10:30:00;"Kayak monoplace (K1) 500 m - femmes, demi-finales
Kayak monoplace (K1) 1 000 m - hommes, demi-finales
Canoë monoplace (C1) 200 m - femmes, demi-finales
Kayak monoplace (K1) 500 m - femmes, finale C
Kayak monoplace (K1) 500 m - femmes, finale B
Kayak monoplace (K1) 500 m - femmes, finale A
Kayak monoplace (K1) 1 000 m - hommes, finale B
Kayak monoplace (K1) 1 000 m - hommes, finale A
Canoë monoplace (C1) 200 m - femmes, finale B
Canoë monoplace (C1) 200 m - femmes, finale A";14:20:00;30
14;CTR01;05/08/2024;17:00;"Vitesse par équipes - femmes, qualifications
Poursuite équipes - hommes, qualifications
Vitesse par équipes - femmes, 1er tour
Vitesse par équipes - hommes, qualifications
Vitesse par équipes - femmes, finales";19:40:00;38
14;CTR02;06/08/2024;17:30:00;"Poursuite par équipes - femmes, qualifications
Vitesse par équipes - hommes, 1er tour
Poursuite par équipes - hommes, 1er tour
Vitesse par équipes - hommes, finales";19:55:00;38
14;CTR03;07/08/2024;12:45:00;"Vitesse - hommes, qualifications
Keirin - femmes, 1er tour
Poursuite par équipes - femmes, 1er tour
Vitesse - hommes, 32e finale
Keirin - femmes, repêchages
Vitesse - hommes, 32e finale - repêchages";15:30:00;38
14;CTR04;07/08/2024;17:30:00;"Vitesse - hommes, 16e finale
Poursuite par équipes - hommes, finales
Vitesse - hommes, 16e finale - repêchages
Poursuite par équipes - femmes, finales
Vitesse - hommes, 8e finale
Vitesse - hommes, 8e finale - repêchages";19:50:00;38
14;CTR05;08/08/2024;17:00;"Omnium - hommes, scratch 1/4
Keirin - femmes, 1/4 finale
Omnium - hommes, course tempo 2/4
Vitesse - hommes, 1/4 finale
Keirin - femmes, 1/2 finales
Omnium - hommes, course à l'élimination
Keirin - femmes, finale 7-12
Keirin - femmes, finale 1-6
Omnium - hommes, course aux points 4/4
Vitesse - hommes, places 5-8";19:55:00;38
14;CTR06;09/08/2024;14:00;"Vitesse - femmes, qualifications
Vitesse - hommes, 1/2 finales
Vitesse - femmes, 32e finale
Vitesse - femmes, 32e finale - repêchages";15:45:00;38
14;CTR07;09/08/2024;18:00;"Madison - femmes, finale
Vitesse - femmes, 16e finale
Vitesse - hommes, finales
Vitesse - femmes, 16e finale - repêchages";19:55:00;38
14;CTR08;10/08/2024;17:00;"Vitesse - femmes, 8e finale
Keirin - hommes, 1er tour
Vitesse - femmes, 8e finale - repêchages
Madison - hommes, finale
Vitesse - femmes, 1/4 finale
Keirin - hommes, repêchages";19:50:00;38
14;CTR09;11/08/2024;11:00;"Omnium - femmes, scratch 1/4
Vitesse - femmes, 1/2 finales
Keirin - hommes, 1/4 finale
Omnium - femmes, course tempo 2/4
Vitesse - femmes, places 5-8
Keirin - hommes, 1/2 finales
Omnium - femmes, course à l'élimination
Keirin - hommes, finale 7-12
Keirin - hommes, finale 1-6
Vitesse - femmes, finales
Omnium - femmes, course aux points 4/4";14:15:00;38
15;CRD01;27/07/2024;14:30:00;"Contre-la-montre individuel - femmes
Contre-la-montre individuel - hommes";18:30:00;15
15;CRD02;03/08/2024;11:00;Course sur route - hommes;18:15:00;37
15;CRD03;04/08/2024;14:00;Course sur route - femmes;18:45:00;37
15;CLB01;05/08/2024;10:00;"Bloc - hommes, demi-finale
Vitesse - femmes, qualifications";14:00;21
15;CLB02;06/08/2024;10:00;"Bloc - femmes, demi-finale
Vitesse - hommes, qualifications";14:00;21
15;CLB03;07/08/2024;10:00;"Difficulté - hommes, demi-finale
Vitesse - femmes, finale";13:15:00;21
15;CLB04;08/08/2024;10:00;"Difficulté - femmes, demi-finale
Vitesse - hommes, finale";13:15:00;21
15;CLB05;09/08/2024;10:15:00;Bloc & Difficulté - hommes, finale;13:20:00;21
15;CLB06;10/08/2024;10:15:00;Bloc & Difficulté - femmes, finale;13:20:00;21
17;FEN01;27/07/2024;10:00;"Épée individuelle - femmes, tableau de 64
Sabre individuel - hommes, tableau de 64
Épée individuelle - femmes, tableau de 32
Sabre individuel - hommes, tableau de 32
Épée individuelle - femmes, tableau de 16
Sabre individuel - hommes, tableau de 16
Épée individuelle - femmes, 1/4 finale
Sabre individuel - hommes, 1/4 finale";16:40:00;12
17;FEN02;27/07/2024;19:00;"Épée individuelle - femmes, 1/2 finales
Sabre individuel - hommes, 1/2 finales
Épée individuelle - femmes, match de bronze
Sabre individuel - hommes, match bronze
Épée individuelle - femmes, match d'or
Sabre individuel - hommes, match d'or";22:50:00;12
17;FEN03;28/07/2024;09:30:00;"Fleuret individuel - femmes, tableau de 64
Épée individuelle - hommes, tableau de 64
Fleuret individuel - femmes, tableau de 32
Épée individuelle - hommes, tableau de 32
Fleuret individuel - femmes, tableau de 16
Épée individuelle - hommes, tableau de 16
Fleuret individuel - femmes, 1/4 finale
Épée individuelle - hommes, 1/4 finale";16:50:00;12
17;FEN04;28/07/2024;19:00;"Fleuret individuel - femmes, 1/2 finales
Épée individuelle - hommes, 1/2 finales
Fleuret individuel- femmes, match bronze
Épée individuelle - hommes, match bronze
Fleuret individuel - femmes, match d'or
Épée individuelle - hommes, match d'or";23:10:00;12
17;FEN05;29/07/2024;09:30:00;"Sabre individuel - femmes, tableau de 64
Fleuret individuel - hommes, tableau de 64
Sabre individuel - femmes, tableau de 32
Fleuret individuel - hommes, tableau de 32
Sabre individuel - femmes, tableau de 16
Fleuret individuel - hommes, tableau de 16
Sabre individuel - femmes, 1/4 finale
Fleuret individuel - hommes, 1/4 finale";16:50:00;12
17;FEN06;29/07/2024;19:00;"Sabre individuel - femmes, 1/2 finales
Fleuret individuel - hommes, 1/2 finales
Sabre individuel - femmes, match bronze
Fleuret individuel - hommes, match bronze
Sabre individuel - femmes, match d'or
Fleuret individuel - hommes, match d'or";23:10:00;12
17;FEN07;30/07/2024;12:00;"Épée par équipes - femmes, tableau de 16
Épée par équipes - femmes, 1/4 finale
Épée par équipes - femmes, classement 5-8
Épée par équipes - femmes, 1/2 finales
Épée par équipes - femmes, placement 5-6, 7-8";17:30:00;12
17;FEN08;30/07/2024;19:30:00;"Épée par équipes - femmes, match bronze
Épée par équipes - femmes, match d'or";21:40:00;12
17;FEN09;31/07/2024;12:00;"Sabre par équipes - hommes, tableau de 16
Sabre par équipes - hommes, 1/4 finale
Sabre par équipes - hommes, classement 5-8
Sabre par équipes - hommes, 1/2 finales
Sabre par équipes - hommes, placement 5-6, 7-8";17:30:00;12
17;FEN10;31/07/2024;19:30:00;"Sabre par équipes - hommes, match bronze
Sabre par équipes - hommes, match d'or";21:40:00;12
17;FEN11;01/08/2024;10:00;"Fleuret par équipes - femmes, tableau de 16
Fleuret par équipes - femmes, 1/4 finale
Fleuret par équipes - femmes, classement 5-8
Fleuret par équipes - femmes, 1/2 finales
Fleuret par équipes - femmes, placement 5-6, 7-8";17:10:00;12
17;FEN12;01/08/2024;19:10:00;"Fleuret par équipes - femmes, match bronze
Fleuret par équipes - femmes, match d'or";22:00;12
17;FEN13;02/08/2024;12:00;"Épée par équipes - hommes, tableau de 16
Épée par équipes - hommes, 1/4 finale
Épée par équipes - hommes, classement 5-8
Épée par équipes - hommes, 1/2 finales
Épée par équipes - hommes, placement 5-6, 7-8";17:30:00;12
17;FEN14;02/08/2024;19:30:00;"Épée par équipes - hommes, match bronze
Épée par équipes - hommes, match d'or";21:40:00;12
17;FEN15;03/08/2024;11:30:00;"Sabre par équipes - femmes, tableau de 16
Sabre par équipes - femmes, 1/4 finale
Sabre par équipes - femmes, classement 5-8
Sabre par équipes - femmes, 1/2 finales
Sabre par équipes - femmes, placement 5-6, 7-8";17:00;12
17;FEN16;03/08/2024;19:00;"Sabre par équipes - femmes, match bronze
Sabre par équipes - femmes, match d'or";21:10:00;12
17;FEN17;04/08/2024;10:00;"Fleuret par équipes - hommes, tableau de 16
Fleuret par équipes - hommes, 1/4 finale
Fleuret par équipes - hommes, classement 5-8
Fleuret par équipes - hommes, 1/2 finales
Fleuret par équipes - hommes, placement 5-6, 7-8";17:10:00;12
17;FEN18;04/08/2024;19:10:00;"Fleuret par équipes - hommes, match bronze
Fleuret par équipes - hommes, match d'or";22:00;12
19;FBL01;24/07/2024;15:00;Hommes, éliminatoires - groupe C (C1vsC2) - Match N°5;17:00;17
19;FBL02;24/07/2024;15:00;Hommes, éliminatoires - groupe B (B1vsB2) - Match N°3;17:00;29
19;FBL03;24/07/2024;17:00;Hommes, éliminatoires - groupe C (C3vsC4) - Match N°6;19:00;25
19;FBL04;24/07/2024;17:00;Hommes, éliminatoires - groupe A (A3vsA4) - Match N°2;19:00;28
19;FBL05;24/07/2024;19:00;Hommes, éliminatoires - groupe D (D1vsD2) - Match N°8;21:00;23
19;FBL06;24/07/2024;19:00;Hommes, éliminatoires - groupe B (B3vsB4) - Match N°4;21:00;26
19;FBL07;24/07/2024;21:00;Hommes, éliminatoires - groupe D (D3vsD4) - Match N°7;23:00;17
19;FBL08;24/07/2024;21:00;Hommes, éliminatoires - groupe A (A1vsA2) - Match N°1;23:00;27
19;FBL09;25/07/2024;17:00;Femmes, éliminatoires - groupe C (C1vsC2) - Match N°5;19:00;25
19;FBL10;25/07/2024;17:00;Femmes, éliminatoires - groupe A (A3vsA4) - Match N°2;19:00;29
19;FBL11;25/07/2024;19:00;Femmes, éliminatoires - groupe C (C3vsC4) - Match N°6;21:00;23
19;FBL12;25/07/2024;19:00;Femmes, éliminatoires - groupe B (B3vsB4) - Match N°4;21:00;27
19;FBL13;25/07/2024;21:00;Femmes, éliminatoires - groupe A (A1vsA2) -Match N°1;23:00;26
19;FBL14;25/07/2024;21:00;Femmes, éliminatoires - groupe B (B1vsB2) - Match N°3;23:00;28
19;FBL15;27/07/2024;15:00;Hommes, éliminatoires - groupe C (C4vsC2) - Match N°14;17:00;23
19;FBL16;27/07/2024;15:00;Hommes, éliminatoires - groupe B (B1vsB3) - Match N°11;17:00;26
19;FBL17;27/07/2024;17:00;Hommes, éliminatoires - groupe C (C1vsC3) - Match N°13;19:00;25
19;FBL18;27/07/2024;17:00;Hommes, éliminatoires - groupe B (B4vsB2) - Match N°12;19:00;29
19;FBL19;27/07/2024;19:00;Hommes, éliminatoires - groupe D (D2vsD4) - Match N°15;21:00;17
19;FBL20;27/07/2024;19:00;Hommes, éliminatoires - groupe A (A4vsA2) - Match N°10;21:00;27
19;FBL21;27/07/2024;21:00;Hommes, éliminatoires  - groupe D  (D1vsD3) - Match N°16;23:00;23
19;FBL22;27/07/2024;21:00;Hommes, éliminatoires - groupe A (A1vsA3) - Match N°9;23:00;28
19;FBL23;28/07/2024;17:00;Femmes, éliminatoires - groupe C (C4vsC2) - Match N°12;19:00;17
19;FBL24;28/07/2024;17:00;Femmes, éliminatoires - groupe A (A4vsA2) - Match N°8;19:00;26
19;FBL25;28/07/2024;19:00;Femmes, éliminatoires - groupe C (C1vsC3) - Match N°11;21:00;25
19;FBL26;28/07/2024;19:00;Femmes, éliminatoires - groupe B (B4vsB2) - Match N°10;21:00;28
19;FBL27;28/07/2024;21:00;Femmes, éliminatoires - groupe A (A1vsA3) - Match N°7;23:00;29
19;FBL28;28/07/2024;21:00;Femmes, éliminatoires - groupe B (B1vsB3) - Match N°9;23:00;27
19;FBL29;30/07/2024;15:00;Hommes, éliminatoires - groupe C (C4vsC1) - Match N°21;17:00;17
19;FBL30;30/07/2024;15:00;Hommes, éliminatoires - groupe C (C2vsC3) - Match N°22;17:00;23
19;FBL31;30/07/2024;17:00;Hommes, éliminatoires - groupe B (B4vsB1) - Match N°19;19:00;26
19;FBL32;30/07/2024;17:00;Hommes, éliminatoires - groupe B (B2vsB3) - Match N°20;19:00;28
19;FBL33;30/07/2024;19:00;Hommes, éliminatoires - groupe A (A2vsA3) - Match N°18;21:00;29
19;FBL34;30/07/2024;19:00;Hommes, éliminatoires - groupe A (A4vsA1) - Match N°17;21:00;27
19;FBL35;30/07/2024;21:00;Hommes, éliminatoires - groupe D (D2vsD3) - Match N°24;23:00;17
19;FBL36;30/07/2024;21:00;Hommes, éliminatoires - groupe D (D4vsD1) - Match N°23;23:00;25
19;FBL37;31/07/2024;17:00;Femmes, éliminatoires - groupe C (C2vsC3) - Match N°18;19:00;25
19;FBL38;31/07/2024;17:00;Femmes, éliminatoires - groupe C (C4vsC1) - Match N°17;19:00;23
19;FBL39;31/07/2024;19:00;Femmes, éliminatoires - groupe B (B2vsB3) - Match N°16;21:00;29
19;FBL40;31/07/2024;19:00;Femmes, éliminatoires - groupe B (B4vsB1) - Match N°15;21:00;27
19;FBL41;31/07/2024;21:00;Femmes, éliminatoires - groupe A (A4vsA1) - Match N°13;23:00;26
19;FBL42;31/07/2024;21:00;Femmes, éliminatoires - groupe A (A2vsA3) - Match N°14;23:00;28
19;FBL43;02/08/2024;15:00;Hommes, quart de finale (1Bvs2A) - Match N°26;18:00;17
19;FBL44;02/08/2024;17:00;Hommes, quart de finale (1Dvs2C) - Match N°28;20:00;26
19;FBL45;02/08/2024;19:00;Hommes, quart de finale (1Cvs2D) - Match N°27;22:00;27
19;FBL46;02/08/2024;21:00;Hommes, quart de finale (1Avs2B) - Match N°25;00:00;23
19;FBL47;03/08/2024;15:00;Femmes, quart de finale (1Bvs2C) - Match N°20;18:00;17
19;FBL48;03/08/2024;17:00;Femmes, quart de finale (1Cvs3A/B) - Match N°21;20:00;26
19;FBL49;03/08/2024;19:00;Femmes, quart de finale (2Avs2B) - Match N°22;22:00;27
19;FBL50;03/08/2024;21:00;Femmes, quart de finale (A1vs3B/C) - Match N°19;00:00;25
19;FBL51;05/08/2024;18:00;Hommes, demi-finale (V26vsV28) - Match N°30;21:00;27
19;FBL52;05/08/2024;21:00;Hommes, demi-finale (V25vsV27) - Match N°29;00:00;26
19;FBL53;06/08/2024;18:00;Femmes, demi-finale (V20vsV22) - Match N°24;21:00;26
19;FBL54;06/08/2024;21:00;Femmes, demi-finale (V19vsV21) - Match N°23;00:00;27
19;FBL55;08/08/2024;17:00;Hommes, médaille de bronze (RU29vsRU30) - Match N°31;20:00;25
19;FBL56;09/08/2024;15:00;Femmes, médaille de bronze (RU23vsRU24) - Match N°25;18:00;26
19;FBL57;09/08/2024;18:00;Hommes, médaille d'or (V29vsV30) - Match N°32;21:30:00;17
19;FBL58;10/08/2024;17:00;Femmes, médaille d'or (V23vs24) - Match N°26;20:30:00;17
21;GLF01;01/08/2024;09:00;Stroke Play individuel - hommes 1er tour;18:00;11
21;GLF02;02/08/2024;09:00;Stroke Play individuel - hommes 2e tour;18:00;11
21;GLF03;03/08/2024;09:00;Stroke Play individuel - hommes 3e tour;18:00;11
21;GLF04;04/08/2024;09:00;Stroke Play individuel - hommes 4e tour;18:30:00;11
21;GLF05;07/08/2024;09:00;Stroke Play individuel - femmes 1er tour;18:00;11
21;GLF06;08/08/2024;09:00;Stroke Play individuel - femmes 2e tour;18:00;11
21;GLF07;09/08/2024;09:00;Stroke Play individuel - femmes 3e tour;18:00;11
21;GLF08;10/08/2024;09:00;Stroke Play individuel - femmes 4e tour;18:30:00;11
22;GAR01;27/07/2024;11:00;Qualification - hommes;13:30:00;1
22;GAR02;27/07/2024;15:30:00;Qualification - hommes;18:00;1
22;GAR03;27/07/2024;20:00;Qualification - hommes;22:30:00;1
22;GAR04;28/07/2024;09:30:00;Qualification - femmes;13:20:00;1
22;GAR05;28/07/2024;14:50:00;Qualification - femmes;16:30:00;1
22;GAR06;28/07/2024;18:00;Qualification - femmes;19:40:00;1
22;GAR07;28/07/2024;21:10:00;Qualification - femmes;22:50:00;1
22;GAR08;29/07/2024;17:30:00;Compétition par équipes - hommes, finale;20:30:00;1
22;GAR09;30/07/2024;18:15:00;Compétition par équipes - femmes, finale;20:30:00;1
22;GAR10;31/07/2024;17:30:00;Concours multiple - hommes, finale;20:15:00;1
22;GAR11;01/08/2024;18:15:00;Concours multiple - femmes, finale;20:25:00;1
22;GAR12;03/08/2024;15:30:00;Finales par agrès - femmes/hommes;18:00;1
22;GAR13;04/08/2024;15:00;Finales par agrès - femmes/hommes;17:25:00;1
22;GAR14;05/08/2024;12:00;Finales par agrès - femmes/hommes;15:15:00;1
23;GRY01;08/08/2024;10:00;Concours multiple individuel, qualifications - rotation 1 sur 2;13:00;5
23;GRY02;08/08/2024;15:00;Concours multiple individuel, qualifications - rotation 2 sur 2;18:00;5
23;GRY03;09/08/2024;10:00;Concours général des ensembles, qualifications;12:30:00;5
23;GRY04;09/08/2024;14:30:00;Concours multiple individuel, finale;17:00;5
23;GRY05;10/08/2024;14:00;Concours général des ensembles, finale;15:45:00;5
23;GTR01;02/08/2024;12:00;"Femmes, qualifications
Femmes, finale";14:30:00;1
23;GTR02;02/08/2024;18:00;"Hommes, qualifications
Hommes, finale";20:30:00;1
24;WLF01;07/08/2024;15:00;61 kg - hommes;17:30:00;4
24;WLF02;07/08/2024;19:30:00;49 kg - femmes;22:00;4
24;WLF03;08/08/2024;15:00;59 kg - femmes;17:30:00;4
24;WLF04;08/08/2024;19:30:00;73 kg - hommes;22:00;4
24;WLF05;09/08/2024;15:00;89 kg - hommes ;17:30:00;4
24;WLF06;09/08/2024;19:30:00;71 kg - femmes;22:00;4
24;WLF07;10/08/2024;11:30:00;102 kg - hommes ;14:00;4
24;WLF08;10/08/2024;16:00;81 kg - femmes;18:30:00;4
24;WLF09;10/08/2024;20:30:00; +102 kg - hommes;23:00;4
24;WLF10;11/08/2024;11:30:00; +81 kg - femmes ;14:00;4
25;HBL01;25/07/2024;09:00;Femmes, tour préliminaire (2 matchs);12:30:00;4
25;HBL02;25/07/2024;14:00;Femmes, tour préliminaire (2 matchs);17:30:00;4
25;HBL03;25/07/2024;19:00;Femmes, tour préliminaire (2 matchs);22:30:00;4
25;HBL04;27/07/2024;09:00;Hommes, tour préliminaire (2 matchs);12:30:00;4
25;HBL05;27/07/2024;14:00;Hommes, tour préliminaire (2 matchs);17:30:00;4
25;HBL06;27/07/2024;19:00;Hommes, tour préliminaire (2 matchs);22:30:00;4
25;HBL07;28/07/2024;09:00;Femmes, tour préliminaire (2 matchs);12:30:00;4
25;HBL08;28/07/2024;14:00;Femmes, tour préliminaire (2 matchs);17:30:00;4
25;HBL09;28/07/2024;19:00;Femmes, tour préliminaire (2 matchs);22:30:00;4
25;HBL10;29/07/2024;09:00;Hommes, tour préliminaire (2 matchs);12:30:00;4
25;HBL11;29/07/2024;14:00;Hommes, tour préliminaire (2 matchs);17:30:00;4
25;HBL12;29/07/2024;19:00;Hommes, tour préliminaire (2 matchs);22:30:00;4
25;HBL13;30/07/2024;09:00;Femmes, tour préliminaire (2 matchs);12:30:00;4
25;HBL14;30/07/2024;14:00;Femmes, tour préliminaire (2 matchs);17:30:00;4
25;HBL15;30/07/2024;19:00;Femmes, tour préliminaire (2 matchs);22:30:00;4
25;HBL16;31/07/2024;09:00;Hommes, tour préliminaire (2 matchs);12:30:00;4
25;HBL17;31/07/2024;14:00;Hommes, tour préliminaire (2 matchs);17:30:00;4
25;HBL18;31/07/2024;19:00;Hommes, tour préliminaire (2 matchs);22:30:00;4
25;HBL19;01/08/2024;09:00;Femmes, tour préliminaire (2 matchs);12:30:00;4
25;HBL20;01/08/2024;14:00;Femmes, tour préliminaire (2 matchs);17:30:00;4
25;HBL21;01/08/2024;19:00;Femmes, tour préliminaire (2 matchs);22:30:00;4
25;HBL22;02/08/2024;09:00;Hommes, tour préliminaire (2 matchs);12:30:00;4
25;HBL23;02/08/2024;14:00;Hommes, tour préliminaire (2 matchs);17:30:00;4
25;HBL24;02/08/2024;19:00;Hommes, tour préliminaire (2 matchs);22:30:00;4
25;HBL25;03/08/2024;09:00;Femmes, tour préliminaire (2 matchs);12:30:00;4
25;HBL26;03/08/2024;14:00;Femmes, tour préliminaire (2 matchs);17:30:00;4
25;HBL27;03/08/2024;19:00;Femmes, tour préliminaire (2 matchs);22:30:00;4
25;HBL28;04/08/2024;09:00;Hommes, tour préliminaire (2 matchs);12:30:00;4
25;HBL29;04/08/2024;14:00;Hommes, tour préliminaire (2 matchs);17:30:00;4
25;HBL30;04/08/2024;19:00;Hommes, tour préliminaire (2 matchs);22:30:00;4
25;HBL31;06/08/2024;09:30:00;Femmes, quart de finale;11:30:00;32
25;HBL32;06/08/2024;13:30:00;Femmes, quart de finale;15:30:00;32
25;HBL33;06/08/2024;17:30:00;Femmes, quart de finale;19:30:00;32
25;HBL34;06/08/2024;21:30:00;Femmes, quart de finale;23:30:00;32
25;HBL35;07/08/2024;09:30:00;Hommes, quart de finale;11:30:00;32
25;HBL36;07/08/2024;13:30:00;Hommes, quart de finale;15:30:00;32
25;HBL37;07/08/2024;17:30:00;Hommes, quart de finale;19:30:00;32
25;HBL38;07/08/2024;21:30:00;Hommes, quart de finale;23:30:00;32
25;HBL39;08/08/2024;16:30:00;Femmes, demi-finale;18:30:00;32
25;HBL40;08/08/2024;21:30:00;Femmes, demi-finale;23:30:00;32
25;HBL41;09/08/2024;16:30:00;Hommes, demi-finale;18:30:00;32
25;HBL42;09/08/2024;21:30:00;Hommes, demi-finale;23:30:00;32
25;HBL43;10/08/2024;10:00;Femmes, match pour la médaille de bronze;12:00;32
25;HBL44;10/08/2024;15:00;Femmes, match pour la médaille d'or;17:30:00;32
25;HBL45;11/08/2024;09:00;Hommes, match pour la médaille de bronze;11:00;32
25;HBL46;11/08/2024;13:30:00;Hommes, match pour la médaille d'or;16:00;32
26;HOC01;27/07/2024;10:00;Hommes, éliminatoires (2 matchs);15:00;35
26;HOC02;27/07/2024;10:30:00;Hommes, éliminatoires (2 matchs);15:30:00;35
26;HOC03;27/07/2024;17:00;"Hommes, éliminatoires (1 match)
Femmes, éliminatoires (1 match)";22:00;35
26;HOC04;27/07/2024;17:30:00;"Hommes, éliminatoires (1 match)
Femmes, éliminatoires (1 match)";22:30:00;35
26;HOC05;28/07/2024;10:00;Femmes, éliminatoires (2 matchs);15:00;35
26;HOC06;28/07/2024;10:30:00;Femmes, éliminatoires (2 matchs);15:30:00;35
26;HOC07;28/07/2024;17:00;Hommes, éliminatoires (2 matchs);22:00;35
26;HOC08;28/07/2024;17:30:00;Hommes, éliminatoires (2 matchs);22:30:00;35
26;HOC09;29/07/2024;10:00;Hommes, éliminatoires (2 matchs);15:00;35
26;HOC10;29/07/2024;10:30:00;Femmes, éliminatoires (2 matchs);15:30:00;35
26;HOC11;29/07/2024;17:00;Femmes, éliminatoires (2 matchs);22:00;35
26;HOC12;29/07/2024;17:30:00;Femmes, éliminatoires (2 matchs);22:30:00;35
26;HOC13;30/07/2024;10:00;Hommes, éliminatoires (2 matchs);15:00;35
26;HOC14;30/07/2024;10:30:00;Hommes, éliminatoires (2 matchs);15:30:00;35
26;HOC15;30/07/2024;17:00;Hommes, éliminatoires (2 matchs);22:00;35
26;HOC16;31/07/2024;10:00;Femmes, éliminatoires (2 matchs);15:00;35
26;HOC17;31/07/2024;10:30:00;Femmes, éliminatoires (2 matchs);15:30:00;35
26;HOC18;31/07/2024;17:00;"Hommes, éliminatoires (1 match)
Femmes, éliminatoires (1 match)";22:00;35
26;HOC19;31/07/2024;17:30:00;"Hommes, éliminatoires (1 match)
Femmes, éliminatoires (1 match)";22:30:00;35
26;HOC20;01/08/2024;10:00;Hommes, éliminatoires (2 matchs);15:00;35
26;HOC21;01/08/2024;10:30:00;Hommes, éliminatoires (2 matchs);15:30:00;35
26;HOC22;01/08/2024;17:00;Femmes, éliminatoires (2 matchs);22:00;35
26;HOC23;01/08/2024;17:30:00;Femmes, éliminatoires (2 matchs);22:30:00;35
26;HOC24;02/08/2024;10:00;Femmes, éliminatoires (2 matchs);15:00;35
26;HOC25;02/08/2024;10:30:00;Hommes, éliminatoires (2 matchs);15:30:00;35
26;HOC26;02/08/2024;17:00;Hommes, éliminatoires (2 matchs);22:00;35
26;HOC27;02/08/2024;17:30:00;Hommes, éliminatoires (2 matchs);22:30:00;35
26;HOC28;03/08/2024;10:00;Femmes, éliminatoires (2 matchs);15:00;35
26;HOC29;03/08/2024;10:30:00;Femmes, éliminatoires (2 matchs);15:30:00;35
26;HOC30;03/08/2024;17:00;Femmes, éliminatoires (2 matchs);22:00;35
26;HOC31;04/08/2024;10:00;Hommes, quarts de finale (2 matchs);15:00;35
26;HOC32;04/08/2024;17:30:00;Hommes, quarts de finale (2 matchs);22:30:00;35
26;HOC33;05/08/2024;10:00;Femmes, quarts de finale (2 matchs);15:00;35
26;HOC34;05/08/2024;17:30:00;Femmes, quarts de finale (2 matchs);22:30:00;35
26;HOC35;06/08/2024;14:00;Hommes, demi-finale;16:00;35
26;HOC36;06/08/2024;19:00;Hommes, demi-finale;21:00;35
26;HOC37;07/08/2024;14:00;Femmes, demi-finale;16:00;35
26;HOC38;07/08/2024;19:00;Femmes, demi-finale;21:00;35
26;HOC39;08/08/2024;14:00;Hommes, match pour la médaille de bronze;16:00;35
26;HOC40;08/08/2024;19:00;Hommes, match pour la médaille d'or;21:30:00;35
26;HOC41;09/08/2024;14:00;Femmes, match pour la médaille de bronze;16:00;35
26;HOC42;09/08/2024;20:00;Femmes, match pour la médaille d'or;22:30:00;35
27;JUD01;27/07/2024;10:00;"-48 kg - femmes, éliminatoires
-60 kg - hommes, éliminatoires";14:00;2
27;JUD02;27/07/2024;16:00;"-48 kg - femmes, repêchages
-48 kg - femmes, demi-finales
-60 kg - hommes, repêchages
-60 kg - hommes, demi-finales
-48 kg - femmes, combats bronze
-48 kg - femmes, finale
-60 kg - hommes, combats bronze
-60 kg - hommes, finale";19:00;2
27;JUD03;28/07/2024;10:00;"-52 kg - femmes, éliminatoires
-66 kg - hommes, éliminatoires";14:00;2
27;JUD04;28/07/2024;16:00;"-66 kg - hommes, repêchages
-66 kg - hommes, demi-finales
-52 kg - femmes, repêchage
-52 kg - femmes, demi-finales
-66 kg - hommes, combats bronze
-66 kg - hommes, finale
-52 kg - femmes, combats bronze
-52 kg - femmes, finale";19:00;2
27;JUD05;29/07/2024;10:00;"-57 kg - femmes, éliminatoires
-73 kg - hommes, éliminatoires";14:00;2
27;JUD06;29/07/2024;16:00;"-57 kg - femmes, repêchages
-57 kg - femmes, demi-finales
-73 kg - hommes, repêchages
-73 kg - hommes, demi-finales
-57 kg - femmes, combats bronze
-57 kg - femmes, finale
-73 kg - hommes, combats bronze
-73 kg - hommes, finale";19:00;2
27;JUD07;30/07/2024;10:00;"-63 kg - femmes, éliminatoires
-81 kg - hommes, éliminatoires";14:00;2
27;JUD08;30/07/2024;16:00;"-81 kg - hommes, repêchages
-81 kg - hommes, demi-finales
-63 kg - femmes, repêchage
-63 kg - femmes, demi-finales
-81 kg - hommes, combats bronze
-81 kg - hommes, finale
-63 kg - femmes, combats bronze
-63 kg - femmes, finale";19:00;2
27;JUD09;31/07/2024;10:00;"-70 kg - femmes, éliminatoires
-90 kg - hommes, éliminatoires";14:00;2
27;JUD10;31/07/2024;16:00;"-70 kg - femmes, repêchages
-70 kg - femmes, demi-finales
-90 kg - hommes, repêchages
-90 kg - hommes, demi-finales
-70 kg - femmes, combats bronze
-70 kg - femmes, finale
-90 kg - hommes, combats bronze
-90 kg - hommes, finale";19:00;2
27;JUD11;01/08/2024;10:00;"-78 kg - femmes, éliminatoires
-100 kg - hommes, éliminatoires";14:00;2
27;JUD12;01/08/2024;16:00;"-100 kg - hommes, repêchages
-100 kg - hommes, demi-finales
-78 kg - femmes, repêchage
-78 kg - femmes, demi-finales
-100 kg - hommes, combats bronze
-100 kg - hommes, finale
-78 kg - femmes, combats bronze
-78 kg - femmes, finale";19:00;2
27;JUD13;02/08/2024;10:00;"+78 kg - femmes, éliminatoires
+100 kg - hommes, éliminatoires";14:00;2
27;JUD14;02/08/2024;16:00;"+78 kg - femmes, repêchages
+78 kg - femmes, demi-finales
+100 kg - hommes, repêchages
+100 kg - hommes, demi-finales
+78 kg - femmes, combats bronze
+78 kg - femmes, finale
+100 kg - hommes, combats bronze
+100 kg - hommes, finale";19:00;2
27;JUD15;03/08/2024;08:00;"Equipe mixte, éliminatoires
Equipe mixte, repêchages
Equipe mixte, demi-finales";14:00;2
27;JUD16;03/08/2024;16:00;"Equipe mixte, combats bronze
Equipe mixte, finale";19:00;2
28;WRE01;05/08/2024;15:00;"Lutte gréco-romaine, 60 kg - hommes, 8e de finale
Libre, 68 kg - femmes, 8e de finale
Lutte gréco-romaine, 130 kg - hommes,8e de finale
Lutte gréco-romaine, 60 kg - hommes, quarts de finale
Libre, 68 kg - femmes, quarts de finale
Lutte gréco-romaine, 130 kg - hommes, quarts de finale";17:00;2
28;WRE02;05/08/2024;21:00;"Lutte gréco-romaine, 60 kg - hommes, demi-finales
Lutte gréco-romaine, 130 kg - hommes, demi-finales
Libre, 68 kg - femmes, demi-finales";22:00;2
28;WRE03;06/08/2024;11:00;"Lutte gréco-romaine, 60 kg - hommes, repêchages
Libre, 68 kg - femmes, repêchages
Lutte gréco-romaine, 130 kg - hommes, repêchages
Lutte gréco-romaine, 77 kg - hommes, 8e de finale
Libre, 50 kg - femmes, 8e de finale
Lutte gréco-romaine, 97 kg - hommes,8e de finale
Lutte gréco-romaine, 77 kg - hommes, quarts de finale
Libre, 50 kg - femmes, quarts de finale
Lutte gréco-romaine, 97 kg - hommes, quarts de finale";13:30:00;2
28;WRE04;06/08/2024;18:15:00;"Lutte gréco-romaine, 77 kg - hommes, demi-finales
Lutte gréco-romaine, 97 kg - hommes, demi-finales
Libre, 50 kg - femmes, demi-finales
Lutte gréco-romaine, 60 kg - hommes, match pour les médailles de bronze
Lutte gréco-romaine, 60 kg - hommes, match pour la médaille d'or
Lutte gréco-romaine, 130 kg - hommes, match pour les médailles de bronze
Lutte gréco-romaine, 130 kg - hommes, match pour la médaille d'or
Libre, 68 kg - femmes, match pour les médailles de bronze
Libre, 68 kg - femmes, match pour la médaille d'or";22:00;2
28;WRE05;07/08/2024;11:00;"Lutte gréco-romaine, 77 kg - hommes, repêchages
Libre, 50 kg - femmes, repêchages
Lutte gréco-romaine, 97 kg - repêchages
Lutte gréco-romaine, 67 kg - hommes, 8e de finale
Libre, 53 kg - femmes, 8e de finale
Lutte gréco-romaine, 87 kg - hommes,8e de finale
Lutte gréco-romaine, 67 kg - hommes, quarts de finale
Libre, 53 kg - femmes, quarts de finale
Lutte gréco-romaine, 87 kg - hommes, quarts de finale";13:30:00;2
28;WRE07;08/08/2024;11:00;"Lutte gréco-romaine, 67 kg - hommes, repêchages
Libre, 53 kg - femmes, repêchages
Lutte gréco-romaine, 87 kg - repêchages
Libre, 57 kg - hommes, 8e de finale
Libre, 57 kg - femmes, 8e de finale
Libre, 86 kg - hommes,8e de finale
Libre, 57 kg - hommes, quarts de finale
Libre, 57 kg - femmes, quarts de finale
Libre, 86 kg - hommes, quarts de finale";13:30:00;2
28;WRE08;08/08/2024;18:15:00;"Libre, 57 kg - hommes, demi-finales
Libre, 86 kg - hommes, demi-finales
Libre, 57 kg - femmes, demi-finales
Lutte gréco-romaine, 67 kg - hommes, match pour les médailles de bronze
Lutte gréco-romaine, 67 kg - hommes, match pour la médaille d'or
Lutte gréco-romaine, 87 kg - hommes, match pour les médailles de bronze
Lutte gréco-romaine, 87 kg - hommes, match pour la médaille d'or
Libre, 53 kg - femmes, match pour les médailles de bronze
Libre, 53 kg - femmes, match pour la médaille d'or";22:00;2
28;WRE09;09/08/2024;11:00;"Libre, 57 kg - hommes, repêchages
Libre, 57 kg - femmes, repêchages
Libre, 86 kg - hommes, repêchages
Libre, 74 kg - hommes, 8e de finale
Libre, 62 kg - femmes, 8e de finale
Libre, 125 kg - hommes,8e de finale
Libre, 74 kg - hommes, quarts de finale
Libre, 62 kg - femmes, quarts de finale
Libre, 125 kg - hommes, quarts de finale";13:30:00;2
28;WRE10;09/08/2024;18:15:00;"Libre, 74 kg - hommes, demi-finales
Libre, 125 kg - hommes, demi-finales
Libre, 62 kg - femmes, demi-finales
Libre, 57 kg - hommes, match pour les médailles de bronze
Libre, 57 kg - hommes, match pour la médaille d'or
Libre, 86 kg - hommes, match pour les médailles de bronze
Libre, 86 kg - hommes, match pour la médaille d'or
Libre, 57 kg - femmes, match pour les médailles de bronze
Libre, 57 kg - femmes, match pour la médaille d'or";22:00;2
28;WRE11;10/08/2024;11:00;"Libre, 74 kg - hommes, repêchages
Libre, 62 kg - femmes, repêchages
Libre, 125 kg - hommes, repêchages
Libre, 65 kg - hommes, 8e de finale
Libre, 76 kg - femmes, 8e de finale
Libre, 97 kg - hommes, 8e de finale
Libre, 65 kg - hommes, quarts de finale
Libre, 76 kg - femmes,quarts de finale
Libre, 97 kg - hommes, quarts de finale";13:30:00;2
28;WRE12;10/08/2024;18:15:00;"Libre, 65 kg - hommes, demi-finales
Libre, 97 kg - hommes, demi-finales
Libre, 76 kg - femmes, demi-finales
Libre, 74 kg - hommes, match pour les médailles de bronze
Libre, 74 kg - hommes, match pour la médaille d'or
Libre, 125 kg - hommes, match pour les médailles de bronze
Libre, 125 kg - hommes, match pour la médaille d'or
Libre, 62 kg - femmes, match pour les médailles de bronze
Libre, 62 kg - femmes, match pour la médaille d'or";22:00;2
28;WRE13;11/08/2024;11:00;"Libre, 65 kg - hommes, repêchages
Libre, 76 kg - femmes, repêchages
Libre, 97 kg - hommes, repêchages
Libre, 65 kg - hommes, match pour les médailles de bronze
Libre, 65 kg - hommes, match pour la médaille d'or
Libre, 97 kg - hommes, match pour les médailles de bronze
Libre, 97 kg - hommes, match pour la médaille d'or
Libre, 76 kg - femmes, match pour les médailles de bronze
Libre, 76 kg - femmes, match pour la médaille d'or";14:30:00;2
28;WRE6;07/08/2024;18:15:00;"Lutte gréco-romaine, 67 kg - hommes, demi-finales
Lutte gréco-romaine, 87 kg - hommes, demi-finales
Libre, 53 kg - femmes, demi-finales
Lutte gréco-romaine, 77 kg - hommes, match pour les médailles de bronze
Lutte gréco-romaine, 77 kg - hommes, match pour la médaille d'or
Lutte gréco-romaine, 97 kg - hommes, match pour les médailles de bronze
Lutte gréco-romaine, 97 kg - hommes, match pour la médaille d'or
Libre, 50 kg - femmes, match pour les médailles de bronze
Libre, 50 kg - femmes, match pour la médaille d'or";22:00;2
29;SWM01;27/07/2024;11:00;"100 m papillon - femmes, séries
400 m nage libre - femmes, séries
100 m brasse - hommes, séries
400 m nage libre - hommes, séries
Relais 4x100 m nage libre - femmes, séries
Relais 4x100 m nage libre - hommes, séries";13:00;18
29;SWM02;27/07/2024;20:30:00;"100 m papillon - femmes, demi-finales
400 m nage libre - hommes, finale
400 m nage libre - femmes, finale
100 m brasse - hommes - demi-finales
Relais 4x100 m nage libre - femmes, finale
Relais 4x100 m nage libre - hommes, finale";22:30:00;18
29;SWM03;28/07/2024;11:00;"200 m nage libre - hommes, séries
400 m quatre nages individuel - hommes, séries
100 m brasse - femmes, séries
100 m dos - hommes, séries
200 m nage libre - femmes, séries";13:00;18
29;SWM04;28/07/2024;20:30:00;"400 m quatre nages individuel - hommes, finale
100 m papillon - femmes, finale
200 m nage libre - hommes, demi-finales
100 m brasse - femmes, demi-finales
100 m dos - hommes, demi-finales
100 m brasse - hommes, finale
200 m nage libre - femmes, demi-finales";22:30:00;18
29;SWM05;29/07/2024;11:00;"400 m quatre nages individuel - femmes, séries
100 m dos - femmes, séries
800 m nage libre - hommes, séries";13:00;18
29;SWM06;29/07/2024;20:30:00;"400 m quatre nages individuel - femmes, finale
200 m nage libre - hommes, finale
100 m dos - femmes, demi-finales
100 m dos - hommes, finale
100 m brasse - femmes, finale
200 m nage libre - femmes, finale";22:30:00;18
29;SWM07;30/07/2024;11:00;"200 m papillon - hommes, séries
100 m nage libre - hommes, séries
1 500 m nage libre - femmes, séries
100 m nage libre - femmes, séries
200 m brasse - hommes, séries
Relais 4x200 m nage libre - hommes, séries";13:00;18
29;SWM08;30/07/2024;20:30:00;"100 m nage libre - hommes, demi-finales
200 m papillon - hommes, demi-finales
100 m dos - femmes, finale
800 m nage libre - hommes, finale
100 m nage libre - femmes, demi-finales
200 m brasse - hommes, demi-finales
Relais 4x200 m nage libre - hommes, finale";22:30:00;18
29;SWM09;31/07/2024;11:00;"200 m brasse - femmes, séries
200 m dos - hommes, séries
200 m papillon - femmes, séries";13:00;18
29;SWM10;31/07/2024;20:30:00;"100 m nage libre - femmes, finale
200 m papillon - hommes, finale
200 m brasse - hommes, finale
1 500 m nage libre - femmes, finale
200 m dos - hommes, demi-finales
200 m brasse - femmes, demi-finales
200 m papillon - femmes, demi-finales
100 m nage libre - hommes, finale";22:30:00;18
29;SWM11;01/08/2024;11:00;"200 m dos - femmes, séries
50 m nage libre - hommes, séries
200 m quatre nages individuel - hommes, séries
Relais 4x200 m nage libre - femmes, séries";13:00;18
29;SWM12;01/08/2024;20:30:00;"200 m papillon - femmes, finale
200 m dos - hommes, finale
200 m dos - femmes, demi-finales
200 m brasse - femmes, finale
200 m quatre nages individuel - hommes, demi-finale
50 m nage libre - hommes, demi-finales
Relais 4x200 m nage libre - femmes, finale";22:30:00;18
29;SWM13;02/08/2024;11:00;"100 m papillon - hommes, séries
200 m quatre nages individuel - femmes, séries
800 m nage libre - femmes, séries
Relais 4x100 m quatre nages - mixte, séries";13:00;18
29;SWM14;02/08/2024;20:30:00;"50 m nage libre - hommes, finale
200 m dos - femmes, finale
200 m quatre nages individuel - hommes, finale
100 m papillon - hommes, demi-finales
200 m quatre nages individuel - femmes, demi-finale";22:30:00;18
29;SWM15;03/08/2024;11:00;"50 m nage libre - femmes, séries
1 500 m nage libre - hommes, séries
Relais 4x100 m quatre nages - hommes, séries
Relais 4x100 m quatre nages - femmes, séries";13:00;18
29;SWM16;03/08/2024;20:30:00;"100 m papillon - hommes, finale
50 m nage libre - femmes, demi-finales
200 m quatre nages individuel - femmes, finale
800 m nage libre - femmes, finale
Relais 4x100 m quatre nages - mixte, finale";22:30:00;18
29;SWM17;04/08/2024;18:30:00;"50 m nage libre - femmes, finale
1 500 m nage libre - hommes, finale
Relais 4x100 m quatre nages - hommes, finale
Relais 4x100 m quatre nages - femmes, finale";20:30:00;18
30;SWA01;05/08/2024;19:30:00;Épreuve d'équipe, programme technique;21:00;6
30;SWA02;06/08/2024;19:30:00;Épreuve d'équipe, programme libre;21:00;6
30;SWA03;07/08/2024;19:30:00;Épreuve d'équipe, programme acrobatique ;21:15:00;6
30;SWA04;09/08/2024;19:30:00;Épreuve de duo, programme technique;21:30:00;6
30;SWA05;10/08/2024;19:30:00;Épreuve de duo, programme libre ;22:00;6
30;OWS01;08/08/2024;07:30:00;10 km - femmes;10:30:00;19
30;OWS02;09/08/2024;07:30:00;10 km - hommes;10:30:00;19
44;MPN01;08/08/2024;11:00;"Épreuve d'escrime - hommes, tour de classement
Épreuve d'escrime - femmes, tour de classement";17:30:00;3
44;MPN02;09/08/2024;13:00;Hommes, demi-finales;19:00;8
44;MPN03;10/08/2024;09:30:00;Femmes, demi-finales;15:30:00;8
44;MPN04;10/08/2024;17:30:00;Hommes, finale;20:00;8
44;MPN05;11/08/2024;11:00;Femmes, finale;13:30:00;8
45;DIV01;27/07/2024;11:00;Tremplin 3 m synchronisé - femmes;12:00;6
45;DIV02;29/07/2024;11:00;Haut-vol 10 m synchronisé - hommes;12:00;6
45;DIV03;31/07/2024;11:00;Haut-vol 10 m synchronisé - femmes;12:00;6
45;DIV04;02/08/2024;11:00;Tremplin 3 m synchronisé - hommes;12:00;6
45;DIV05;05/08/2024;10:00;Haut-vol 10 m - femmes, éliminatoires;12:10:00;6
45;DIV06;05/08/2024;15:00;Haut-vol 10 m - femmes, demi-finale;17:00;6
45;DIV07;06/08/2024;10:00;Tremplin 3 m - hommes, éliminatoires;12:00;6
45;DIV08;06/08/2024;15:00;Haut-vol 10 m - femmes, finale;17:00;6
45;DIV09;07/08/2024;10:00;Tremplin 3 m - hommes, demi-finale;12:00;6
45;DIV10;07/08/2024;15:00;Tremplin 3 m - femmes, éliminatoires;17:00;6
45;DIV11;08/08/2024;10:00;Tremplin 3 m - femmes, demi-finale;12:00;6
45;DIV12;08/08/2024;15:00;Tremplin 3 m - hommes, finale;17:00;6
45;DIV13;09/08/2024;10:00;Haut-vol 10 m - hommes, éliminatoires;12:00;6
45;DIV14;09/08/2024;15:00;Tremplin 3 m - femmes, finale;17:00;6
45;DIV15;10/08/2024;10:00;Haut-vol 10 m - hommes, demi-finale;12:00;6
45;DIV16;10/08/2024;15:00;Haut-vol 10 m - hommes, finale;17:00;6
46;RU701;24/07/2024;15:30:00;Hommes, poules (12 matchs);22:00;24
46;RU702;25/07/2024;14:00;Hommes, poules (6 matchs);17:00;24
46;RU703;25/07/2024;20:00;"Hommes, placement 9-12 (2 matchs)
Hommes, quarts de finale (4 matchs)";23:00;24
46;RU704;27/07/2024;14:30:00;"Hommes, placement 5-8 (2 matchs)
Hommes, demi-finales (2 matchs)
Hommes, placement 11-12
Hommes, placement 9-10
Hommes, placement 7-8
Hommes, placement 5-6
Hommes, match pour la médaille de bronze
Hommes, match pour la médaille d'or";20:45:00;24
46;RU705;28/07/2024;15:30:00;Femmes, poules (12 matchs);22:00;24
46;RU706;29/07/2024;14:00;Femmes, poules (6 matchs);17:00;24
46;RU707;29/07/2024;20:00;"Femmes, placement 9-12 (2 matchs)
Femmes, quarts de finale (4 matchs)";23:00;24
46;RU708;30/07/2024;14:30:00;"Femmes, placement 5-8 (2 matchs)
Femmes, demi-finales (2 matchs)
Femmes, placement 11-12
Femmes, placement 9-10
Femmes, placement 7-8
Femmes, placement 5-6
Femmes, médaille de bronze
Femmes, médaille d'or";20:45:00;24
48;SKB01;27/07/2024;12:00;Street hommes, préliminaires;15:30:00;10
48;SKB02;27/07/2024;17:00;Street hommes, finale;19:00;10
48;SKB03;28/07/2024;12:00;Street femmes, préliminaires;15:30:00;10
48;SKB04;28/07/2024;17:00;Street femmes, finale;19:00;10
48;SKB05;06/08/2024;12:30:00;Park femmes, préliminaires;16:00;10
48;SKB06;06/08/2024;17:30:00;Park femmes, finale;19:00;10
48;SKB07;07/08/2024;12:30:00;Park hommes, préliminaires;16:00;10
48;SKB08;07/08/2024;17:30:00;Park hommes, finale;19:00;10
49;EQU01;27/07/2024;09:30:00;Concours complet, dressage;18:30:00;8
49;EQU02;28/07/2024;10:30:00;Concours complet, cross-country;15:00;8
49;EQU03;29/07/2024;11:00;Concours complet, saut d'obstacles Finale individuel et par équipe;16:30:00;8
49;EQU04;30/07/2024;11:00;Dressage Grand Prix équipe et individuel 1er jour;16:30:00;8
49;EQU05;31/07/2024;10:00;Dressage Grand Prix équipe et individuel 2e jour;15:30:00;8
49;EQU06;01/08/2024;11:00;Jumping Qualification par équipe;14:00;8
49;EQU07;02/08/2024;14:00;Jumping Finale par équipe;16:30:00;8
49;EQU08;03/08/2024;10:00;Dressage Finale Grand Prix Special par équipe;16:30:00;8
49;EQU09;04/08/2024;10:00;Dressage Finale  Individuel, Grand Prix Freestyle;14:00;8
49;EQU10;05/08/2024;14:00;Jumping Qualifications Individuel;18:00;8
49;EQU11;06/08/2024;10:00;Jumping Finale Individuel;12:30:00;8
49;SRF01;27/07/2024;07:00;"Hommes, 1er tour (8 séries)
Femmes, 1er tour (8 séries)";16:30:00;36
49;SRF02;28/07/2024;07:00;"Femmes, 2e tour (8 séries)
Hommes, 2e tour (8 séries)";16:30:00;36
49;SRF03;29/07/2024;07:00;"Hommes, 3e tour (8 séries)
Femmes, 3e tour (8 séries)";16:30:00;36
49;SRF04;30/07/2024;07:00;"Hommes, quarts de finale
Femmes, quarts de finale
Hommes, demi-finales
Femmes, demi-finales
Hommes, match pour la médaille de bronze
Femmes, match pour la médaille de bronze
Hommes, match pour la médaille d'or
Femmes, match pour la médaille d'or";16:50:00;36
50;TKW01;07/08/2024;09:00; -49kg - femmes/-58kg - hommes, combats de qualification;12:30:00;12
50;TKW02;07/08/2024;14:30:00; -49kg - femmes/-58kg - hommes, quarts de finale/demi-finales;17:30:00;12
50;TKW03;07/08/2024;19:30:00;" -49kg - femmes/-58kg - hommes, repêchages
 -49kg - femmes/-58kg - hommes, médailles de bronze
 -49kg - femmes, médaille d'or
 -58kg - hommes, médaille d'or";23:00;12
50;TKW04;08/08/2024;09:00; -68kg - hommes /  -57kg - femmes, combats de qualification;12:30:00;12
50;TKW05;08/08/2024;14:30:00; -68kg - hommes /  -57kg - femmes, quarts de finale/demi-finales;17:30:00;12
50;TKW06;08/08/2024;19:30:00;" -68kg - hommes / -57kg femmes, repêchages
 -68kg - hommes / -57kg femmes, médailles de bronze
 -68kg - hommes, médaille d'or
 -57kg - femmes, médaille d'or";23:00;12
50;TKW07;09/08/2024;09:00; -67kg - femmes / -80kg - hommes, combats de qualification;12:30:00;12
50;TKW08;09/08/2024;14:30:00; -67kg - femmes / -80kg - hommes, quarts de finale/demi-finales;17:30:00;12
50;TKW09;09/08/2024;19:30:00;" -67kg - femmes / -80kg - hommes, repêchages
 -67kg - femmes / -80kg - hommes, médailles de bronze
 -67kg - femmes, médaille d'or
 -80kg - hommes, médaille d'or";23:00;12
50;TKW10;10/08/2024;09:00; +80kg - hommes / +67kg - femmes, combats de qualification;12:30:00;12
50;TKW11;10/08/2024;14:30:00; +80kg - hommes / +67kg - femmes, quarts de finale/demi-finales;17:30:00;12
50;TKW12;10/08/2024;19:30:00;" +80kg - hommes / +67kg - femmes, repêchages
 +80kg - hommes / +67kg - femmes, médailles de bronze
 +80kg - hommes, médaille d'or
 +67kg - femmes, médaille d'or";23:00;12
51;TEN01;27/07/2024;12:00;"Simple hommes, 1er tour
Simple femmes, 1er tour";17:00;33
51;TEN02;27/07/2024;12:00;"Simple hommes, 1er tour
Simple femmes, 1er tour
Double hommes, 1er tour
Double femmes, 1er tour";19:00;33
51;TEN03;27/07/2024;12:00;"Simple hommes, 1er tour
Simple femmes, 1er tour
Double hommes, 1er tour
Double femmes, 1er tour";19:00;33
51;TEN04;27/07/2024;12:00;"Simple hommes, 1er tour
Simple femmes, 1er tour
Double hommes, 1er tour
Double femmes, 1er tour";19:00;33
51;TEN05;27/07/2024;19:00;"Simple hommes, 1er tour
Simple femmes, 1er tour";23:00;33
51;TEN06;28/07/2024;12:00;"Simple hommes, 1er tour
Simple femmes, 1er tour";17:00;33
51;TEN07;28/07/2024;12:00;"Simple hommes, 1er tour
Simple femmes, 1er tour
Double hommes, 1er tour
Double femmes, 1er tour";19:00;33
51;TEN08;28/07/2024;12:00;"Simple hommes, 1er tour
Simple femmes, 1er tour
Double hommes, 1er tour
Double femmes, 1er tour";19:00;33
51;TEN09;28/07/2024;12:00;"Simple hommes, 1er tour
Simple femmes, 1er tour
Double hommes, 1er tour
Double femmes, 1er tour";19:00;33
51;TEN10;28/07/2024;19:00;"Simple hommes, 1er tour
Simple femmes, 1er tour";23:00;33
51;TEN11;29/07/2024;12:00;"Simple hommes, 2e tour
Simple femmes, 2e tour";17:00;33
51;TEN12;29/07/2024;12:00;"Simple hommes, 2e tour
Simple femmes, 2e tour
Double hommes, 2e tour
Double femmes, 2e tour
Double mixte 1er tour";19:00;33
51;TEN13;29/07/2024;12:00;"Simple hommes, 2e tour
Simple femmes, 2e tour
Double hommes, 2e tour
Double femmes, 2e tour
Double mixte 1er tour";19:00;33
51;TEN14;29/07/2024;12:00;"Simple hommes, 2e tour
Simple femmes, 2e tour
Double hommes, 2e tour
Double femmes, 2e tour
Double mixte 1er tour";19:00;33
51;TEN15;29/07/2024;19:00;"Simple hommes, 2e tour
Simple femmes, 2e tour";23:00;33
51;TEN16;30/07/2024;12:00;"Simple hommes, 2e tour
Simple femmes, 3e tour";17:00;33
51;TEN17;30/07/2024;12:00;"Simple hommes, 2e tour
Simple femmes, 3e tour
Double hommes, 3e tour
Double femmes, 2e tour
Double mixte 1er tour";19:00;33
51;TEN18;30/07/2024;12:00;"Simple hommes, 2e tour
Simple femmes, 3e tour
Double hommes, 3e tour
Double femmes, 2e tour
Double mixte 1er tour";19:00;33
51;TEN19;30/07/2024;12:00;"Simple hommes, 2e tour
Simple femmes, 3e tour
Double hommes, 3e tour
Double femmes, 2e tour
Double mixte 1er tour";19:00;33
51;TEN20;30/07/2024;19:00;"Simple hommes, 2e tour
Simple femmes, 3e tour";23:00;33
51;TEN21;31/07/2024;12:00;"Simple hommes, 3e tour
Simple femmes, quart de finales";17:00;33
51;TEN22;31/07/2024;12:00;"Simple hommes, 3e tour
Simple femmes, quarts de finale
Double hommes, demi-finales
Double femmes, quarts de finale
Double mixte quarts de finale";19:00;33
51;TEN23;31/07/2024;12:00;"Simple hommes, 3e tour
Double hommes, demi-finale
Double femmes, quarts de finale
Double mixte quarts de finale";19:00;33
51;TEN24;31/07/2024;12:00;"Simple hommes, 3e tour
Double femmes, quarts de finale
Double mixte quarts de finale";19:00;33
51;TEN25;31/07/2024;19:00;"Simple hommes, 3e tour
Simple femmes, quart de finale";23:00;33
51;TEN26;01/08/2024;12:00;"Simple hommes, quart de finale
Simple femmes, demi-finale";17:00;33
51;TEN27;01/08/2024;12:00;"Simple hommes, quart de finale
Double femmes, demi-finale
Double mixtes, demi-finale";19:00;33
51;TEN28;01/08/2024;12:00;"Double femmes, demi-finale
Double mixtes, demi-finale";19:00;33
51;TEN29;01/08/2024;19:00;"Simple hommes, quart de finale
Simple femmes, demi-finale";23:00;33
51;TEN30;02/08/2024;12:00;"Simple hommes, demi-finale
Simple femmes, match pour la médaille de bronze.";17:00;33
51;TEN31;02/08/2024;12:00;"Double hommes, match pour la médaille de bronze
Double mixtes, match pour la médaille de bronze";17:00;33
51;TEN32;02/08/2024;19:00;"Simple hommes, demi-finale
Double mixtes, match pour la médaille d'or";23:30:00;33
51;TEN33;03/08/2024;12:00;"Simple hommes, match pour la médaille de bronze
Simple femmes, match pour la médaille d'or
Double hommes, match pour la médaille d'or";19:00;33
51;TEN34;04/08/2024;12:00;"Double femmes, match pour la médaille de bronze 
Simple hommes, match pour la médaille d'or
Double femmes, match pour la médaille d'or";19:00;33
52;TTE01;27/07/2024;15:00;"Simple hommes et femmes, tour préliminaire
Double mixte, 1/8e finale";18:00;4
52;TTE02;27/07/2024;20:00;Simple hommes et femmes, tour 1;23:00;4
52;TTE03;28/07/2024;10:00;Simple hommes et femmes, tour 1;14:00;4
52;TTE04;28/07/2024;16:00;Double mixte, quarts de finale;18:00;4
52;TTE05;28/07/2024;20:00;Simple hommes et femmes, tour 1;23:00;4
52;TTE06;29/07/2024;10:00;Simple hommes et femmes, tour 1;14:00;4
52;TTE07;29/07/2024;16:00;Double mixte, demi-finales ;18:00;4
52;TTE08;29/07/2024;20:00;Simple hommes et femmes, tour 2;23:00;4
52;TTE09;30/07/2024;10:00;Simple hommes et femmes, tour 2;12:00;4
52;TTE10;30/07/2024;13:30:00;"Double mixte, match pour la médaille de bronze
Double mixte, match pour la médaille d'or";16:00;4
52;TTE11;31/07/2024;10:00;Simple hommes et femmes, tour 2;13:00;4
52;TTE12;31/07/2024;15:00;Simple hommes et femmes, tour 3;18:00;4
52;TTE13;31/07/2024;20:00;Simple hommes et femmes, tour 3;23:00;4
52;TTE14;01/08/2024;10:00;"Simple femmes, quarts de finale (2 matchs)
Simple hommes, quart de finale (1 match)";13:00;4
52;TTE15;01/08/2024;15:00;"Simple femmes, quart de finale (1 match)
Simple hommes, quarts de finale (2 matchs)";18:00;4
52;TTE16;01/08/2024;20:00;"Simple femmes, quart de finale (1 match)
Simple hommes, quart de finale (1 match)";22:00;4
52;TTE17;02/08/2024;10:00;"Simple femmes, demi-finale
Simple hommes, demi-finale";12:00;4
52;TTE18;02/08/2024;13:30:00;"Simple femmes, demi-finale
Simple hommes, demi-finale";15:30:00;4
52;TTE19;03/08/2024;13:30:00;"Simple femmes, match pour la médaille de bronze
Simple femmes, match pour la médaille d'or";16:00;4
52;TTE20;04/08/2024;13:30:00;"Simple hommes, match pour la médaille de bronze
Simple hommes, match pour la médaille d'or";16:00;4
52;TTE21;05/08/2024;10:00;Par équipe hommes et femmes, 1/8e finale;13:00;4
52;TTE22;05/08/2024;15:00;Par équipe hommes et femmes, 1/8e finale;18:00;4
52;TTE23;05/08/2024;20:00;Par équipe hommes et femmes, 1/8e finale;23:00;4
52;TTE24;06/08/2024;10:00;Par équipe hommes et femmes, 1/8e finale;13:00;4
52;TTE25;06/08/2024;15:00;Par équipe hommes et femmes, quart de finale;18:00;4
52;TTE26;06/08/2024;20:00;Par équipe hommes et femmes, quart de finale;23:00;4
52;TTE27;07/08/2024;10:00;Par équipe hommes et femmes, quart de finale;13:00;4
52;TTE28;07/08/2024;15:00;Par équipe hommes et femmes, quart de finale;18:00;4
52;TTE29;07/08/2024;20:00;Par équipes hommes, demi-finale;23:00;4
52;TTE30;08/08/2024;10:00;Par équipes hommes, demi-finale;13:00;4
52;TTE31;08/08/2024;15:00;Par équipes femmes, demi-finale;18:00;4
52;TTE32;08/08/2024;20:00;Par équipes femmes, demi-finale;23:00;4
52;TTE33;09/08/2024;10:00;Par équipes hommes, match pour la médaille de bronze;13:00;4
52;TTE34;09/08/2024;15:00;Par équipes hommes, match pour la médaille d'or;18:30:00;4
52;TTE35;10/08/2024;10:00;Par équipes femmes, match pour la médaille de bronze;13:00;4
52;TTE36;10/08/2024;15:00;Par équipes femmes, match pour la médaille d'or;18:30:00;4
53;SHO01;27/07/2024;09:00:00;"Carabine à air comprimé, 10m, qualifications par équipe mixte
Pistolet à air comprimé, 10m, qualifications hommes
Pistolet à air comprimé, 10m, qualifications femmes";13:45:00;7
53;SHO02;27/07/2024;10:30:00;Carabine à air comprimé, 10m, finale par équipe mixte;11:50:00;7
53;SHO03;28/07/2024;09:15:00;"Carabine à air comprimé, 10m, qualifications hommes
Carabine à air comprimé, 10m, qualifications femmes";12:30:00;7
53;SHO04;28/07/2024;09:30:00;"Pistolet à air comprimé, 10m, finale hommes
Pistolet à air comprimé, 10m, finale femmes";13:05:00;7
53;SHO05;29/07/2024;09:15:00;"Pistolet à air comprimé, 10m, qualification par équipe mixte
Carabine à air comprimé, 10m, finale hommes
Carabine à air comprimé, 10m, finale femmes";13:05:00;7
53;SHO06;29/07/2024;09:00:00;Fosse olympique, qualifications hommes, jour 1;16:00:00;7
53;SHO07;30/07/2024;09:00:00;"Fosse olympique, qualifications hommes, jour 2
Fosse olympique, qualifications femmes, jour 1
Fosse olympique, finale hommes";17:05:00;7
53;SHO08;30/07/2024;09:30:00;Pistolet à air comprimé, 10m, finale par équipe mixte;10:50:00;7
53;SHO09;31/07/2024;09:00:00;Rifle 3 positions, 50m, qualifications hommes;10:30:00;7
53;SHO10;31/07/2024;09:00:00;"Fosse olympique, qualifications femmes, jour 2
Fosse olympique, finale femmes";17:05:00;7
53;SHO11;01/08/2024;09:30:00;Rifle 3 positions, 50m, finale hommes;10:50:00;7
53;SHO12;01/08/2024;12:00:00;Rifle 3 positions, 50m, qualifications femmes;13:30:00;7
53;SHO13;02/08/2024;09:00:00;Skeet, qualifications hommes jour 1;14:30:00;7
53;SHO14;02/08/2024;09:00:00;Pistolet, 25m, qualifications femmes;14:00:00;7
53;SHO15;02/08/2024;09:30:00;Rifle 3 positions, 50m, finale femmes;10:50:00;7
53;SHO16;03/08/2024;09:00:00;"Skeet, qualifications hommes jour 2
Skeet, qualifications femmes jour 1
Skeet, finale homme";17:05:00;7
53;SHO17;03/08/2024;09:30:00;Pistolet, 25m, finale femmes;10:50:00;7
53;SHO18;04/08/2024;09:00:00;Pistolet vitesse, 25m, qualifications hommes;17:00:00;7
53;SHO19;04/08/2024;09:30:00;"Skeet, qualifications femmes jour 2
Skeet, finale femmes";17:05:00;7
53;SHO20;05/08/2024;09:00:00;"Skeet, qualifications par équipe mixte
Skeet, finale par équipe mixte";16:35:00;7
53;SHO21;05/08/2024;09:30:00;Pistolet vitesse, 25m, finale hommes;10:50:00;7
54;ARC01;25/07/2024;09:30:00;Épreuve individuelle - femmes, tour de classement;12:30:00;14
54;ARC02;25/07/2024;14:15:00;Épreuve individuelle - hommes, tour de classement;17:15:00;14
54;ARC03;28/07/2024;09:30:00;Épreuve par équipes - femmes, éliminatoires (8e de finale);11:05:00;14
54;ARC04;28/07/2024;14:15:00;"Épreuve par équipes - femmes, quarts de finale
Épreuve par équipes - femmes, demi-finales
Épreuve par équipes - femmes, match pour la médaille de bronze
Épreuve par équipes - femmes, match pour la médaille d'or";17:55:00;14
54;ARC05;29/07/2024;09:30:00;Épreuve par équipes - hommes, éliminatoires (8e de finale);11:05:00;14
54;ARC06;29/07/2024;14:15:00;"Épreuve par équipes - hommes, quarts de finale
Épreuve par équipes - hommes, demi-finales
Épreuve par équipes - hommes, match pour la médaille de bronze
Épreuve par équipes - hommes, match pour la médaille d'or";17:55:00;14
54;ARC07;30/07/2024;12:00;"Épreuve individuelle - hommes, éliminatoires (32e de finale)
Épreuve individuelle - femmes, éliminatoires (32e de finale)
Épreuve individuelle - hommes, éliminatoires (16e de finale)
Épreuve individuelle - femmes, éliminatoires (16e de finale)";15:55:00;14
54;ARC08;30/07/2024;17:45:00;"Épreuve individuelle - hommes, éliminatoires (32e de finale)
Épreuve individuelle - femmes, éliminatoires (32e de finale)
Épreuve individuelle - hommes, éliminatoires (16e de finale)
Épreuve individuelle - femmes, éliminatoires (16e de finale)";20:25:00;14
54;ARC09;31/07/2024;12:00;"Épreuve individuelle - hommes, éliminatoires (32e de finale)
Épreuve individuelle - femmes, éliminatoires (32e de finale)
Épreuve individuelle - hommes, éliminatoires (16e de finale)
Épreuve individuelle - femmes, éliminatoires (16e de finale)";15:55:00;14
54;ARC10;31/07/2024;17:45:00;"Épreuve individuelle - hommes, éliminatoires (32e de finale)
Épreuve individuelle - femmes, éliminatoires (32e de finale)
Épreuve individuelle - hommes, éliminatoires (16e de finale)
Épreuve individuelle - femmes, éliminatoires (16e de finale)";20:25:00;14
54;ARC11;01/08/2024;09:30:00;"Épreuve individuelle - hommes, éliminatoires (32e de finale)
Épreuve individuelle - femmes, éliminatoires (32e de finale)
Épreuve individuelle - hommes, éliminatoires (16e de finale)
Épreuve individuelle - femmes, éliminatoires (16e de finale)";13:25:00;14
54;ARC12;01/08/2024;15:30:00;"Épreuve individuelle - hommes, éliminatoires (32e de finale)
Épreuve individuelle - femmes, éliminatoires (32e de finale)
Épreuve individuelle - hommes, éliminatoires (16e de finale)
Épreuve individuelle - femmes, éliminatoires (16e de finale)";19:25:00;14
54;ARC13;02/08/2024;09:30:00;Épreuve par équipes mixte, éliminatoires (8e de finale);12:05:00;14
54;ARC14;02/08/2024;14:15:00;"Épreuve par équipes mixte, quarts de finale
Épreuve par équipes mixte, demi-finales
Épreuve par équipes mixte, match pour la médaille de bronze
Épreuve par équipes mixte, match pour la médaille d'or";17:25:00;14
54;ARC15;03/08/2024;09:30:00;Épreuve individuelle - femmes, éliminatoires (8e de finale);11:15:00;14
54;ARC16;03/08/2024;13:00;"Épreuve individuelle - femmes, quarts de finale
Épreuve individuelle - femmes, demi-finales
Épreuve individuelle - femmes, match pour la médaille de bronze
Épreuve individuelle - femmes, match pour la médaille d'or";15:20:00;14
54;ARC17;04/08/2024;09:30:00;Épreuve individuelle - hommes, éliminatoires (8e de finale);11:15:00;14
54;ARC18;04/08/2024;13:00;"Épreuve individuelle - hommes, quarts de finale
Épreuve individuelle - hommes, demi-finales
Épreuve individuelle - hommes, match pour la médaille de bronze
Épreuve individuelle - hommes, match pour la médaille d'or";15:20:00;14
55;TRI01;30/07/2024;08:00;Hommes;10:30:00;19
55;TRI02;31/07/2024;08:00;Femmes;10:40:00;19
55;TRI03;05/08/2024;08:00;Relais mixte;10:10:00;19
55;SAL01;28/07/2024;11:00;"Planche à voile hommes - Série d'ouverture
Planche à voile femmes - Série d'ouverture
Skiff hommes - Série d'ouverture
Skiff femmes - Série d'ouverture";19:00;16
55;SAL02;29/07/2024;11:00;"Planche à voile hommes - Série d'ouverture
Planche à voile femmes - Série d'ouverture
Skiff hommes - Série d'ouverture
Skiff femmes - Série d'ouverture";19:00;16
55;SAL03;30/07/2024;11:00;"Planche à voile hommes - Série d'ouverture
Planche à voile femmes - Série d'ouverture
Skiff hommes - Série d'ouverture
Skiff femmes - Série d'ouverture";19:00;16
55;SAL04;31/07/2024;11:00;"Skiff hommes - Série d'ouverture
Skiff femmes - Série d'ouverture";19:00;16
55;SAL05;01/08/2024;11:00;"Planche à voile hommes - Série d'ouverture Marathon
Planche à voile femmes - Série d'ouverture Marathon
Skiff hommes - Course pour les médailles
Skiff femmes - Course pour les médailles
Dériveur - hommes - Série d'ouverture
Dériveur femmes - Série d'ouverture";19:00;16
55;SAL06;02/08/2024;11:00;"Planche à voile hommes - Course pour les médailles
Planche à voile femmes - Course pour les médailles
Dériveur hommes - Série d'ouverture
Dériveur femmes - Série d'ouverture
Dériveur mixte - Série d'ouverture";19:00;16
55;SAL07;03/08/2024;11:00;"Dériveur hommes - Série d'ouverture
Dériveur femmes - Série d'ouverture
Dériveur mixte - Série d'ouverture
Multicoque mixte - Série d'ouverture";19:00;16
55;SAL08;04/08/2024;11:00;"Dériveur hommes - Série d'ouverture
Dériveur femmes - Série d'ouverture
Dériveur mixte - Série d'ouverture
Multicoque mixte - Série d'ouverture
Kite hommes - Série d'ouverture
Kite femmes - Série d'ouverture";19:00;16
55;SAL09;05/08/2024;11:00;"Dériveur hommes - Série d'ouverture
Dériveur femmes - Série d'ouverture
Dériveur mixte - Série d'ouverture
Multicoque mixte - Série d'ouverture
Kite hommes - Série d'ouverture
Kite femmes - Série d'ouverture";19:00;16
55;SAL10;06/08/2024;11:00;"Dériveur hommes - Course pour les médailles
Dériveur femmes - Course pour les médailles
Dériveur mixte -  Série d'ouverture
Multicoque mixte - Série d'ouverture
Kite hommes - Série d'ouverture
Kite femmes - Série d'ouverture";19:00;16
55;SAL11;07/08/2024;11:00;"Dériveur mixte - Course pour les médailles
Multicoque mixte - Course pour les médailles
Kite hommes - Série d'ouverture
Kite femmes - Série d'ouverture";19:00;16
55;SAL12;08/08/2024;11:00;"Kite hommes - Course pour les médailles
Kite femmes - Course pour les médailles ";19:00;16
56;VVO01;27/07/2024;09:00;Hommes, Eliminatoires;11:30:00;4
56;VVO02;27/07/2024;13:00;Hommes, Eliminatoires;15:30:00;4
56;VVO03;27/07/2024;17:00;Hommes, Eliminatoires;19:30:00;4
56;VVO04;27/07/2024;21:00;Hommes, Eliminatoires;23:30:00;4
56;VVO05;28/07/2024;09:00;Femmes, Eliminatoires;11:30:00;4
56;VVO06;28/07/2024;13:00;Femmes, Eliminatoires;15:30:00;4
56;VVO07;28/07/2024;17:00;Hommes, Eliminatoires;19:30:00;4
56;VVO08;28/07/2024;21:00;Hommes, Eliminatoires;23:30:00;4
56;VVO09;29/07/2024;09:00;Femmes, Eliminatoires;11:30:00;4
56;VVO10;29/07/2024;13:00;Femmes, Eliminatoires;15:30:00;4
56;VVO11;29/07/2024;17:00;Femmes, Eliminatoires;19:30:00;4
56;VVO12;29/07/2024;21:00;Femmes, Eliminatoires;23:30:00;4
56;VVO13;30/07/2024;09:00;Hommes, Eliminatoires;11:30:00;4
56;VVO14;30/07/2024;13:00;Hommes, Eliminatoires;15:30:00;4
56;VVO15;30/07/2024;17:00;Hommes, Eliminatoires;19:30:00;4
56;VVO16;30/07/2024;21:00;Hommes, Eliminatoires;23:30:00;4
56;VVO17;31/07/2024;09:00;Hommes, Eliminatoires;11:30:00;4
56;VVO18;31/07/2024;13:00;Hommes, Eliminatoires;15:30:00;4
56;VVO19;31/07/2024;17:00;Femmes, Eliminatoires;19:30:00;4
56;VVO20;31/07/2024;21:00;Femmes, Eliminatoires;23:30:00;4
56;VVO21;01/08/2024;09:00;Femmes, Eliminatoires;11:30:00;4
56;VVO22;01/08/2024;13:00;Femmes, Eliminatoires;15:30:00;4
56;VVO23;01/08/2024;17:00;Femmes, Eliminatoires;19:30:00;4
56;VVO24;01/08/2024;21:00;Femmes, Eliminatoires;23:30:00;4
56;VVO25;02/08/2024;09:00;Hommes, Eliminatoires;11:30:00;4
56;VVO26;02/08/2024;13:00;Hommes, Eliminatoires;15:30:00;4
56;VVO27;02/08/2024;17:00;Hommes, Eliminatoires;19:30:00;4
56;VVO28;02/08/2024;21:00;Hommes, Eliminatoires;23:30:00;4
56;VVO29;03/08/2024;09:00;Femmes, Eliminatoires;11:30:00;4
56;VVO30;03/08/2024;13:00;Femmes, Eliminatoires;15:30:00;4
56;VVO31;03/08/2024;17:00;Hommes, Eliminatoires;19:30:00;4
56;VVO32;03/08/2024;21:00;Hommes, Eliminatoires;23:30:00;4
56;VVO33;04/08/2024;09:00;Femmes, Eliminatoires;11:30:00;4
56;VVO34;04/08/2024;13:00;Femmes, Eliminatoires;15:30:00;4
56;VVO35;04/08/2024;17:00;Femmes, Eliminatoires;19:30:00;4
56;VVO36;04/08/2024;21:00;Femmes, Eliminatoires;23:30:00;4
56;VVO37;05/08/2024;09:00;Hommes, Quart de finale;11:30:00;4
56;VVO38;05/08/2024;13:00;Hommes, Quart de finale;15:30:00;4
56;VVO39;05/08/2024;17:00;Hommes, Quart de finale;19:30:00;4
56;VVO40;05/08/2024;21:00;Hommes, Quart de finale;23:30:00;4
56;VVO41;06/08/2024;09:00;Femmes, Quart de finale;11:30:00;4
56;VVO42;06/08/2024;13:00;Femmes, Quart de finale;15:30:00;4
56;VVO43;06/08/2024;17:00;Femmes, Quart de finale;19:30:00;4
56;VVO44;06/08/2024;21:00;Femmes, Quart de finale;23:30:00;4
56;VVO45;07/08/2024;16:00;Hommes, Demi-finale;18:30:00;4
56;VVO46;07/08/2024;20:00;Hommes, Demi-finale;22:30:00;4
56;VVO47;08/08/2024;16:00;Femmes, Demi-finale;18:30:00;4
56;VVO48;08/08/2024;20:00;Femmes, Demi-finale;22:30:00;4
56;VVO49;09/08/2024;16:00;Hommes, Match pour la médaille de bronze;18:30:00;4
56;VVO50;10/08/2024;13:00;Hommes, Match pour la médaille d'or;15:45:00;4
56;VVO51;10/08/2024;17:15:00;Femmes, Match pour la médaille de bronze;19:45:00;4
56;VVO52;11/08/2024;13:00;Femmes, Match pour la médaille d'or;15:45:00;4
59;MTB01;28/07/2024;14:00;Cross-country - femmes;16:30:00;9
59;MTB02;29/07/2024;14:00;Cross-country - hommes;16:30:00;9
60;WPO01;27/07/2024;14:00;Femmes, tour préliminaire (2 matchs);17:00;6
60;WPO02;27/07/2024;18:30:00;Femmes, tour préliminaire (2 matchs);21:30:00;6
60;WPO03;28/07/2024;10:30:00;Hommes, tour préliminaire (2 matchs);13:30:00;6
60;WPO04;28/07/2024;15:00;Hommes, tour préliminaire (2 matchs);18:00;6
60;WPO05;28/07/2024;19:30:00;Hommes, tour préliminaire (2 matchs);22:30:00;6
60;WPO06;29/07/2024;14:00;Femmes, tour préliminaire (2 matchs);17:00;6
60;WPO07;29/07/2024;18:30:00;Femmes, tour préliminaire (2 matchs);21:30:00;6
60;WPO08;30/07/2024;10:30:00;Hommes, tour préliminaire (2 matchs);13:30:00;6
60;WPO09;30/07/2024;15:00;Hommes, tour préliminaire (2 matchs);18:00;6
60;WPO10;30/07/2024;19:30:00;Hommes, tour préliminaire (2 matchs);22:30:00;6
60;WPO11;31/07/2024;14:00;Femmes, tour préliminaire (2 matchs);17:00;6
60;WPO12;31/07/2024;18:30:00;Femmes, tour préliminaire (2 matchs);21:30:00;6
60;WPO13;01/08/2024;10:30:00;Hommes, tour préliminaire (2 matchs);13:30:00;6
60;WPO14;01/08/2024;15:00;Hommes, tour préliminaire (2 matchs);18:00;6
60;WPO15;01/08/2024;19:30:00;Hommes, tour préliminaire (2 matchs);22:30:00;6
60;WPO16;02/08/2024;14:00;Femmes, tour préliminaire (2 matchs);17:00;6
60;WPO17;02/08/2024;18:30:00;Femmes, tour préliminaire (2 matchs);21:30:00;6
60;WPO18;03/08/2024;10:30:00;Hommes, tour préliminaire (2 matchs);13:30:00;6
60;WPO19;03/08/2024;15:00;Hommes, tour préliminaire (2 matchs);18:00;6
60;WPO20;03/08/2024;19:30:00;Hommes, tour préliminaire (2 matchs);22:30:00;6
60;WPO21;04/08/2024;14:00;Femmes, tour préliminaire (2 matchs);17:00;6
60;WPO22;04/08/2024;18:30:00;Femmes, tour préliminaire (2 matchs);21:30:00;6
60;WPO23;05/08/2024;12:00;Hommes, tour préliminaire (3 matchs);16:30:00;18
60;WPO24;05/08/2024;18:30:00;Hommes, tour préliminaire (3 matchs);23:00;18
60;WPO25;06/08/2024;14:00;Femmes, quarts de finale (2 matchs);17:00;18
60;WPO26;06/08/2024;19:00;Femmes, quarts de finale (2 matchs);22:00;18
60;WPO27;07/08/2024;14:00;Hommes, quarts de finale (2 matchs);17:00;18
60;WPO28;07/08/2024;19:00;Hommes, quarts de finale (2 matchs);22:00;18
60;WPO29;08/08/2024;13:00;"Femmes, match de classement
Femmes, demi-finale";16:00;18
60;WPO30;08/08/2024;18:00;"Femmes, match de classement
Femmes, demi-finale";21:00;18
60;WPO31;09/08/2024;13:00;"Hommes, match de classement
Hommes, demi-finale";16:00;18
60;WPO32;09/08/2024;18:00;"Hommes, match de classement
Hommes, demi-finale";21:00;18
60;WPO33;10/08/2024;09:00;"Femmes, match de classement
Femmes, match pour la médaille de bronze";12:00;18
60;WPO34;10/08/2024;14:00;"Femmes, match de classement
Femmes, match pour la médaille d'or
Hommes, match de classement";21:00;18
60;WPO35;11/08/2024;09:00;"Hommes, match de classement
Hommes, match pour la médaille de bronze";12:00;18
60;WPO36;11/08/2024;14:00;Hommes, match pour la médaille d'or;15:50:00;18
